2026/09/28 15:49:00 Starting doc-meta-gen
2026/09/28 15:49:00 Root directory: /home/scribe/projects/work/cn-metadata/elemental-product-docs/docs
2026/09/28 15:49:00 Model: qwen3:14b
2026/09/28 15:49:00 Ollama URL: http://127.0.0.1:11434
2026/09/28 15:49:00 Update revdate: false
2026/09/28 15:49:00 Language: en
2026/09/28 15:49:00 Checking Ollama connection...
2026/09/28 15:49:00 ✓ Ollama is available
2026/09/28 15:49:00 Scanning for files...
2026/09/28 15:49:00 Found 974 potential files
2026/09/28 15:49:00 After type filter (asciidoc): 974 files
2026/09/28 15:49:00 Processing 554 files (language: en)
2026/09/28 15:49:00 Component os-manager: generate from 1.10, copy to 1.5, 1.6, 1.7, 1.8, 1.9
2026/09/28 15:49:00 Loaded 29 attributes from /home/scribe/projects/work/cn-metadata/elemental-product-docs/docs/1.10/antora.yml
2026/09/28 15:49:06 ADDED: /home/scribe/projects/work/cn-metadata/elemental-product-docs/docs/1.10/modules/en/examples/authentication/registration-emulate-tpm.adoc (157 chars)
  → Configure a machine registration process using TPM emulation to securely enroll devices in a network without requiring hardware-based TPM modules by defining
2026/09/28 15:49:07 ADDED: /home/scribe/projects/work/cn-metadata/elemental-product-docs/docs/1.10/modules/en/examples/authentication/registration-mac.adoc (156 chars)
  → Register a machine using its MAC address as the unique identifier in a YAML configuration file to define how the system recognizes and associates the device
2026/09/28 15:49:08 ADDED: /home/scribe/projects/work/cn-metadata/elemental-product-docs/docs/1.10/modules/en/examples/authentication/registration-sys-uuid.adoc (159 chars)
  → Register a machine by using the UUID from the SMBIOS System Information table to uniquely identify the machine in the example MachineRegistration configuration
2026/09/28 15:49:10 ADDED: /home/scribe/projects/work/cn-metadata/elemental-product-docs/docs/1.10/modules/en/examples/clusters/clusters-several-machinepools.adoc (157 chars)
  → Configure a cluster with multiple machine pools to manage different workloads and resources efficiently by defining each pool's specifications in a YAML file
2026/09/28 15:49:11 ADDED: /home/scribe/projects/work/cn-metadata/elemental-product-docs/docs/1.10/modules/en/examples/elemental.cattle.io/v1beta1/MachineRegistration.adoc (154 chars)
  → Configure a machine registration process with Declarative Networking by defining network settings and automation rules in a YAML file to ensure consistent
2026/09/28 15:49:13 ADDED: /home/scribe/projects/work/cn-metadata/elemental-product-docs/docs/1.10/modules/en/examples/labeltemplates/labels.adoc (142 chars)
  → Edit the file at /etc/elemental/labels.yaml to configure system labels that help identify and manage devices during deployment and maintenance
2026/09/28 15:49:14 ADDED: /home/scribe/projects/work/cn-metadata/elemental-product-docs/docs/1.10/modules/en/examples/labeltemplates/registration.adoc (121 chars)
  → Configure the registration settings by editing the YAML file to define how users are registered and managed in the system
2026/09/28 15:49:15 ADDED: /home/scribe/projects/work/cn-metadata/elemental-product-docs/docs/1.10/modules/en/examples/network/machineregistration-nmc.adoc (132 chars)
  → Configure a machine registration using the nmc configurator by editing a YAML file to define settings and parameters for the machine
2026/09/28 15:49:16 ADDED: /home/scribe/projects/work/cn-metadata/elemental-product-docs/docs/1.10/modules/en/examples/network/machineregistration-nmconnections.adoc (136 chars)
  → Configure the system to manage data using the specified format and ensure all settings match the required structure for proper operation
2026/09/28 15:49:18 ADDED: /home/scribe/projects/work/cn-metadata/elemental-product-docs/docs/1.10/modules/en/examples/network/machineregistration-nmstate.adoc (156 chars)
  → Configure a machine registration using the nmstate configurator by defining network settings in a YAML file to apply the desired configuration to the system
2026/09/28 15:49:19 ADDED: /home/scribe/projects/work/cn-metadata/elemental-product-docs/docs/1.10/modules/en/examples/network/machineregistration.adoc (144 chars)
  → Configure a machine registration process with declarative networking by defining rules and settings in a YAML file to control device connections
2026/09/28 15:49:20 ADDED: /home/scribe/projects/work/cn-metadata/elemental-product-docs/docs/1.10/modules/en/examples/network/yip-nmc-static-config.adoc (114 chars)
  → Configure the static network settings using the provided YAML file to define the network parameters for the system
2026/09/28 15:49:21 ADDED: /home/scribe/projects/work/cn-metadata/elemental-product-docs/docs/1.10/modules/en/examples/proxy/cluster-proxy.adoc (136 chars)
  → Configure the server settings using the provided YAML format to define how the system processes incoming requests and manages data flows
2026/09/28 15:49:22 ERROR processing /home/scribe/projects/work/cn-metadata/elemental-product-docs/docs/1.10/modules/en/examples/proxy/registration-proxy.adoc: generated description contains prompt leakage after retry
2026/09/28 15:49:24 ADDED: /home/scribe/projects/work/cn-metadata/elemental-product-docs/docs/1.10/modules/en/examples/proxy/seedimage-proxy.adoc (166 chars)
  → Configure the server settings using the provided YAML format to define how the system processes incoming requests and manages data flow between the client and server.
2026/09/28 15:49:25 ADDED: /home/scribe/projects/work/cn-metadata/elemental-product-docs/docs/1.10/modules/en/examples/quickstart/cluster.adoc (131 chars)
  → Create and edit a cluster configuration file using the cluster.yaml format to define the setup and settings for your system cluster
2026/09/28 15:49:26 ADDED: /home/scribe/projects/work/cn-metadata/elemental-product-docs/docs/1.10/modules/en/examples/quickstart/registration-hardware-dhcphostname.adoc (145 chars)
  → See how to create and manage user accounts by following the steps in this example which shows you how to set up a new registration using a simple
2026/09/28 15:49:28 ADDED: /home/scribe/projects/work/cn-metadata/elemental-product-docs/docs/1.10/modules/en/examples/quickstart/registration-random-hostname.adoc (135 chars)
  → Create a registration form by using example random template variables in YAML format to define fields and structure data for user input
2026/09/28 15:49:29 ADDED: /home/scribe/projects/work/cn-metadata/elemental-product-docs/docs/1.10/modules/en/examples/quickstart/registration-tpm.adoc (147 chars)
  → Configure the registration settings for the trusted platform module by editing the YAML file to define how devices enroll and authenticate securely
2026/09/28 15:49:30 ADDED: /home/scribe/projects/work/cn-metadata/elemental-product-docs/docs/1.10/modules/en/examples/quickstart/registration.adoc (151 chars)
  → Configure the register settings by editing the YAML file to define the structure and parameters of the system components that will be registered during
2026/09/28 15:49:31 ADDED: /home/scribe/projects/work/cn-metadata/elemental-product-docs/docs/1.10/modules/en/examples/quickstart/rpi-registration.adoc (134 chars)
  → Configure the .rpi-registration.yaml file to define how the system registers and communicates with external services during deployment
2026/09/28 15:49:33 ADDED: /home/scribe/projects/work/cn-metadata/elemental-product-docs/docs/1.10/modules/en/examples/quickstart/seedimage-vm-tools.adoc (158 chars)
  → Configure the virtual machine tools by editing the YAML file to define the seed image settings and ensure proper deployment of the virtual machine environment
2026/09/28 15:49:34 ADDED: /home/scribe/projects/work/cn-metadata/elemental-product-docs/docs/1.10/modules/en/examples/quickstart/seedimage.adoc (149 chars)
  → Configure the seed image using the YAML file to define settings and parameters that control how the system initializes and operates during deployment
2026/09/28 15:49:35 ADDED: /home/scribe/projects/work/cn-metadata/elemental-product-docs/docs/1.10/modules/en/examples/quickstart/selector.adoc (134 chars)
  → Configure the .selector.yaml file to define how the system selects and processes data based on rules and conditions listed in the file
2026/09/28 15:49:36 ADDED: /home/scribe/projects/work/cn-metadata/elemental-product-docs/docs/1.10/modules/en/examples/upgrade/managed-os-version-channel-custom.adoc (112 chars)
  → Configure the managed OS version channel custom settings by editing the .managed-os-version-channel-custom file.
2026/09/28 15:49:38 ADDED: /home/scribe/projects/work/cn-metadata/elemental-product-docs/docs/1.10/modules/en/examples/upgrade/managed-os-version-channel-json.adoc (157 chars)
  → Configure the managed operating system version channel by editing the YAML file to specify the desired update settings and ensure the system stays up to date
2026/09/28 15:49:39 ADDED: /home/scribe/projects/work/cn-metadata/elemental-product-docs/docs/1.10/modules/en/examples/upgrade/upgrade-cluster-target.adoc (153 chars)
  → Configure the cluster upgrade target using the upgrade-cluster-target.yaml file to define the desired version and settings for the cluster update process
2026/09/28 15:49:41 ADDED: /home/scribe/projects/work/cn-metadata/elemental-product-docs/docs/1.10/modules/en/examples/upgrade/upgrade-force.adoc (163 chars)
  → Configure the upgrade-force.yaml file to define how the system handles forced upgrades by specifying rules and conditions that determine when and how updates occur
2026/09/28 15:49:42 ADDED: /home/scribe/projects/work/cn-metadata/elemental-product-docs/docs/1.10/modules/en/examples/upgrade/upgrade-managedos-version.adoc (150 chars)
  → Configure your managed server to upgrade its operating system version using the provided YAML file to ensure the system runs the latest stable release
2026/09/28 15:49:43 ADDED: /home/scribe/projects/work/cn-metadata/elemental-product-docs/docs/1.10/modules/en/examples/upgrade/upgrade-node-selector.adoc (109 chars)
  → Configure a node selector to control where Kubernetes pods run by editing the upgrade-node-selector.yaml file
2026/09/28 15:49:44 ADDED: /home/scribe/projects/work/cn-metadata/elemental-product-docs/docs/1.10/modules/en/examples/upgrade/upgrade-recovery.adoc (143 chars)
  → Configure the upgrade recovery settings using the upgrade-recovery.yaml file to define how the system handles failures during an update process
2026/09/28 15:49:45 ADDED: /home/scribe/projects/work/cn-metadata/elemental-product-docs/docs/1.10/modules/en/pages/index.adoc (131 chars)
  → Manage operating systems in a Kubernetes environment using Rancher with elemental-cli, elemental-operator, and rancher-system-agent
2026/09/28 15:49:46 ADDED: /home/scribe/projects/work/cn-metadata/elemental-product-docs/docs/1.10/modules/en/pages/installation/custom-certificate.adoc (107 chars)
  → Copy a custom certificate file to the system trust directory to make it available for system-level services
2026/09/28 15:49:47 ADDED: /home/scribe/projects/work/cn-metadata/elemental-product-docs/docs/1.10/modules/en/pages/installation/customize-installation/custom-install.adoc (116 chars)
  → Customize the OS Manager installation by adding cloud-config files to the installation media or the installed system
2026/09/28 15:49:48 ADDED: /home/scribe/projects/work/cn-metadata/elemental-product-docs/docs/1.10/modules/en/pages/installation/customize-installation/extra-rpms.adoc (158 chars)
  → Add third party RPMs to an ISO image during installation by including them in a SeedImage resource with a cloud-config section that defines installation hooks
2026/09/28 15:49:49 ADDED: /home/scribe/projects/work/cn-metadata/elemental-product-docs/docs/1.10/modules/en/pages/installation/customize-installation/lvm-drives-example.adoc (153 chars)
  → Add extra LVM volume group disks during installation using cloud-config steps to create and format logical volumes and include them in fstab at boot time
2026/09/28 15:49:51 ADDED: /home/scribe/projects/work/cn-metadata/elemental-product-docs/docs/1.10/modules/en/pages/installation/hostname.adoc (151 chars)
  → Customize hostname by setting the machineName field in the MachineRegistration resource to define a unique and static hostname for each host during K8s
2026/09/28 15:49:52 ADDED: /home/scribe/projects/work/cn-metadata/elemental-product-docs/docs/1.10/modules/en/pages/installation/installation.adoc (122 chars)
  → Install the SUSE Rancher Prime OS Manager Operator and prepare installation media to deploy and manage OS on cluster nodes
2026/09/28 15:49:54 ADDED: /home/scribe/projects/work/cn-metadata/elemental-product-docs/docs/1.10/modules/en/pages/installation/ntp.adoc (135 chars)
  → Configure NTP servers for SUSE Rancher Prime OS Manager by creating a configuration file in the /etc/systemd/timesyncd.conf.d directory
2026/09/28 15:49:55 ADDED: /home/scribe/projects/work/cn-metadata/elemental-product-docs/docs/1.10/modules/en/pages/installation/raspi-disk.adoc (117 chars)
  → Build a raw disk image for Raspberry Pi that can be written to an SD card and booted without other installation media
2026/09/28 15:49:56 ADDED: /home/scribe/projects/work/cn-metadata/elemental-product-docs/docs/1.10/modules/en/pages/installation/removable-device-cloudconfig.adoc (101 chars)
  → Create a cloud-config file on a removable device and use it during early boot to configure the system
2026/09/28 15:49:56 ADDED: /home/scribe/projects/work/cn-metadata/elemental-product-docs/docs/1.10/modules/en/pages/label-templates/label-templates-baseboard.adoc (121 chars)
  → Find out what information is collected in the BaseBoard template variables and how it defines system baseboard attributes
2026/09/28 15:49:58 ADDED: /home/scribe/projects/work/cn-metadata/elemental-product-docs/docs/1.10/modules/en/pages/label-templates/label-templates-bios.adoc (154 chars)
  → Define BIOS template variables to specify details about the system's basic input/output system, including information that is part of the SMBIOS BIOS data
2026/09/28 15:50:00 ADDED: /home/scribe/projects/work/cn-metadata/elemental-product-docs/docs/1.10/modules/en/pages/label-templates/label-templates-chassis.adoc (140 chars)
  → Define chassis template variables to specify details about the system's mechanical enclosure, such as type, manufacturer, and serial number.
2026/09/28 15:50:00 ADDED: /home/scribe/projects/work/cn-metadata/elemental-product-docs/docs/1.10/modules/en/pages/label-templates/label-templates-cpu.adoc (114 chars)
  → Find information about CPU template variables that define processor attributes and how to reference them by number
2026/09/28 15:50:01 ADDED: /home/scribe/projects/work/cn-metadata/elemental-product-docs/docs/1.10/modules/en/pages/label-templates/label-templates-deprecated.adoc (102 chars)
  → Find out which old Label Templates variables are no longer supported and see the new ones they replace
2026/09/28 15:50:03 ADDED: /home/scribe/projects/work/cn-metadata/elemental-product-docs/docs/1.10/modules/en/pages/label-templates/label-templates-gpu.adoc (160 chars)
  → Define GPU template variables to collect information about installed graphics cards, allowing users to reference specific cards by number or use default values.
2026/09/28 15:50:04 ADDED: /home/scribe/projects/work/cn-metadata/elemental-product-docs/docs/1.10/modules/en/pages/label-templates/label-templates-memory.adoc (149 chars)
  → Define memory template variables to describe the attributes of volatile memory available on the system, such as size, type, and configuration details
2026/09/28 15:50:05 ADDED: /home/scribe/projects/work/cn-metadata/elemental-product-docs/docs/1.10/modules/en/pages/label-templates/label-templates-network.adoc (155 chars)
  → Find out how to use network template variables to access information about network interfaces, their addresses, and how they are tracked by number and name
2026/09/28 15:50:07 ADDED: /home/scribe/projects/work/cn-metadata/elemental-product-docs/docs/1.10/modules/en/pages/label-templates/label-templates-product.adoc (154 chars)
  → Describe product template variables that represent system attributes based on SMBIOS System Information data type 1 and provide details about how they are
2026/09/28 15:50:08 ADDED: /home/scribe/projects/work/cn-metadata/elemental-product-docs/docs/1.10/modules/en/pages/label-templates/label-templates-random.adoc (157 chars)
  → Use random template variables to generate unique values such as integers, hexadecimal codes, or UUIDs that can be inserted into custom label templates during
2026/09/28 15:50:09 ADDED: /home/scribe/projects/work/cn-metadata/elemental-product-docs/docs/1.10/modules/en/pages/label-templates/label-templates-runtime.adoc (152 chars)
  → Runtime template variables collect information about the system configuration and help generate dynamic content based on current settings and conditions
2026/09/28 15:50:11 ADDED: /home/scribe/projects/work/cn-metadata/elemental-product-docs/docs/1.10/modules/en/pages/label-templates/label-templates-storage.adoc (155 chars)
  → Define storage template variables to identify disk attributes by number and device name, allowing you to access disk information such as model using either
2026/09/28 15:50:12 ADDED: /home/scribe/projects/work/cn-metadata/elemental-product-docs/docs/1.10/modules/en/pages/label-templates/label-templates.adoc (134 chars)
  → Create label templates to define labels and annotations for MachineInventory resources using predefined variables and formatting rules
2026/09/28 15:50:13 ADDED: /home/scribe/projects/work/cn-metadata/elemental-product-docs/docs/1.10/modules/en/pages/node-operational-tasks/behind-proxy.adoc (166 chars)
  → Configure proxy settings for SUSE® Rancher Prime OS Manager deployment to allow communication through an HTTP(S) proxy in environments without direct Internet access
2026/09/28 15:50:14 ADDED: /home/scribe/projects/work/cn-metadata/elemental-product-docs/docs/1.10/modules/en/pages/node-operational-tasks/rancher-vmware.adoc (112 chars)
  → Create a virtual machine in VMware with TPM support and use it to install and register Elemental OS with Rancher
2026/09/28 15:50:15 ADDED: /home/scribe/projects/work/cn-metadata/elemental-product-docs/docs/1.10/modules/en/pages/node-operational-tasks/reset.adoc (104 chars)
  → Reset a machine by deleting its node or cluster to apply configuration changes and clear persistent data
2026/09/28 15:50:16 ADDED: /home/scribe/projects/work/cn-metadata/elemental-product-docs/docs/1.10/modules/en/pages/node-operational-tasks/upgrade.adoc (120 chars)
  → Upgrade components in SUSE Rancher Prime OS Manager using Kubernetes methods through the operator with CLI or UI options
2026/09/28 15:50:17 ADDED: /home/scribe/projects/work/cn-metadata/elemental-product-docs/docs/1.10/modules/en/pages/operator-operational-tasks/airgap.adoc (137 chars)
  → Install SUSE Rancher Prime OS Manager in an air-gapped environment by running the elemental-airgap.sh script and using a private registry
2026/09/28 15:50:18 ADDED: /home/scribe/projects/work/cn-metadata/elemental-product-docs/docs/1.10/modules/en/pages/operator-operational-tasks/backup.adoc (132 chars)
  → Backup SUSE® Rancher Prime OS Manager resources using the rancher-backup operator and verify the backup file on a Persistent Volume
2026/09/28 15:50:19 ADDED: /home/scribe/projects/work/cn-metadata/elemental-product-docs/docs/1.10/modules/en/pages/operator-operational-tasks/certificate-authority.adoc (107 chars)
  → Verify the Certificate Authority configuration to ensure proper communication between the agent and Rancher
2026/09/28 15:50:21 ADDED: /home/scribe/projects/work/cn-metadata/elemental-product-docs/docs/1.10/modules/en/pages/operator-operational-tasks/channels.adoc (166 chars)
  → Manage channels to automatically update or build new versions of the operating system by selecting from available channels that provide a list of managed OS packages.
2026/09/28 15:50:23 ADDED: /home/scribe/projects/work/cn-metadata/elemental-product-docs/docs/1.10/modules/en/pages/operator-operational-tasks/custom-images.adoc (129 chars)
  → Build and use custom OS images by creating a Dockerfile, building a container image, and adding it as a ManagedOSVersion resource
2026/09/28 15:50:24 ADDED: /home/scribe/projects/work/cn-metadata/elemental-product-docs/docs/1.10/modules/en/pages/operator-operational-tasks/declarative-networking/networking-static.adoc (129 chars)
  → Create a static network configuration for individual machines using nm-configurator and include it in a custom Elemental OS image
2026/09/28 15:50:25 ADDED: /home/scribe/projects/work/cn-metadata/elemental-product-docs/docs/1.10/modules/en/pages/operator-operational-tasks/declarative-networking/networking.adoc (126 chars)
  → Configure network settings for machines using the OS Manager by defining IP pools and network templates in MachineRegistration
2026/09/28 15:50:25 ADDED: /home/scribe/projects/work/cn-metadata/elemental-product-docs/docs/1.10/modules/en/pages/operator-operational-tasks/local-node-labels.adoc (105 chars)
  → Create local node labels by editing a file on each node to set extra inventory labels during registration
2026/09/28 15:50:27 ADDED: /home/scribe/projects/work/cn-metadata/elemental-product-docs/docs/1.10/modules/en/pages/operator-operational-tasks/rancher-ip.adoc (161 chars)
  → Configure K3s and RKE2 internal and external IP addresses by specifying node IP parameters and using network interface labels during Rancher Cluster provisioning
2026/09/28 15:50:28 ADDED: /home/scribe/projects/work/cn-metadata/elemental-product-docs/docs/1.10/modules/en/pages/operator-operational-tasks/restore.adoc (104 chars)
  → Restore a SUSE Rancher Prime OS Manager configuration using the rancher-backup operator and backup files
2026/09/28 15:50:29 ADDED: /home/scribe/projects/work/cn-metadata/elemental-product-docs/docs/1.10/modules/en/pages/operator-operational-tasks/tpm.adoc (143 chars)
  → Add a TPM module to a virtual machine by using Libvirt with Virt-manager to configure hardware settings and select the TPM module from the list
2026/09/28 15:50:31 ADDED: /home/scribe/projects/work/cn-metadata/elemental-product-docs/docs/1.10/modules/en/pages/operator-operational-tasks/unmanaged-os.adoc (132 chars)
  → Register an unmanaged operating system by using the elemental-register tool to create a MachineInventory with elemental.cattle.io/os
2026/09/28 15:50:34 ADDED: /home/scribe/projects/work/cn-metadata/elemental-product-docs/docs/1.10/modules/en/pages/quickstarts/quickstart-cli.adoc (155 chars)
  → Use the SUSE® Rancher Prime OS Manager ISO to automatically deploy and manage a Kubernetes cluster with rke2 or k3s through command-line tools by creating
2026/09/28 15:50:35 ADDED: /home/scribe/projects/work/cn-metadata/elemental-product-docs/docs/1.10/modules/en/pages/quickstarts/quickstart-ui.adoc (117 chars)
  → Install the SUSE® Rancher Prime OS Manager plugin and operator to manage and provision clusters based on RKE2 or K3s
2026/09/28 15:50:37 ADDED: /home/scribe/projects/work/cn-metadata/elemental-product-docs/docs/1.10/modules/en/pages/rancher-os-management/architecture/architecture-components.adoc (156 chars)
  → Describe the architecture components that make up the system by explaining the roles of the command line tool, daemon, and other elements that work together
2026/09/28 15:50:38 ADDED: /home/scribe/projects/work/cn-metadata/elemental-product-docs/docs/1.10/modules/en/pages/rancher-os-management/architecture/architecture.adoc (105 chars)
  → Learn about the components and how they work together in the SUSE® Rancher Prime OS Manager architecture
2026/09/28 15:50:39 ADDED: /home/scribe/projects/work/cn-metadata/elemental-product-docs/docs/1.10/modules/en/pages/rancher-os-management/architecture/custom-resources.adoc (104 chars)
  → Create custom resources to manage OS Manager nodes by using Kubernetes CRDs from the OS Manager Operator
2026/09/28 15:50:40 ADDED: /home/scribe/projects/work/cn-metadata/elemental-product-docs/docs/1.10/modules/en/pages/rancher-os-management/architecture/services/architecture-clusterdeployment.adoc (151 chars)
  → Provision a Kubernetes cluster by creating a MachineInventorySelectorTemplate and defining a Rancher cluster with machinePools referencing the template
2026/09/28 15:50:41 ADDED: /home/scribe/projects/work/cn-metadata/elemental-product-docs/docs/1.10/modules/en/pages/rancher-os-management/architecture/services/architecture-machineonboarding.adoc (132 chars)
  → Register a new machine and apply its configuration by creating a MachineRegistration resource and using a SeedImage to boot the host
2026/09/28 15:50:42 ADDED: /home/scribe/projects/work/cn-metadata/elemental-product-docs/docs/1.10/modules/en/pages/rancher-os-management/architecture/services/architecture-services.adoc (113 chars)
  → Find the services that support OS provisioning and Kubernetes cluster deployment in SUSE Rancher Prime OS Manager
2026/09/28 15:50:43 ADDED: /home/scribe/projects/work/cn-metadata/elemental-product-docs/docs/1.10/modules/en/pages/rancher-os-management/authentication.adoc (135 chars)
  → Configure authentication methods for machines registering to the OS Manager Operator using TPM attestation, MAC address, or SMBIOS UUID
2026/09/28 15:50:44 ADDED: /home/scribe/projects/work/cn-metadata/elemental-product-docs/docs/1.10/modules/en/pages/rancher-os-management/plans.adoc (143 chars)
  → Use SUSE® Rancher Prime OS Manager plans to configure nodes with one-time or periodic instructions, files, or HTTP probes during initial setup
2026/09/28 15:50:45 ADDED: /home/scribe/projects/work/cn-metadata/elemental-product-docs/docs/1.10/modules/en/pages/rancher-os-management/upgrade-lifecycle.adoc (115 chars)
  → Understand how to manage and verify upgrades using the Fleet and System Upgrade Controller in the Upgrade Lifecycle
2026/09/28 15:50:46 ADDED: /home/scribe/projects/work/cn-metadata/elemental-product-docs/docs/1.10/modules/en/pages/references/cloud-config-reference.adoc (108 chars)
  → Learn how to use cloud-config files to configure system settings during different stages of the boot process
2026/09/28 15:50:47 ADDED: /home/scribe/projects/work/cn-metadata/elemental-product-docs/docs/1.10/modules/en/pages/references/cluster-reference.adoc (117 chars)
  → Create a cluster by defining a kubernetesVersion and specifying machinePools with roles, quantity, and configurations
2026/09/28 15:50:48 ADDED: /home/scribe/projects/work/cn-metadata/elemental-product-docs/docs/1.10/modules/en/pages/references/inventory-management.adoc (124 chars)
  → Manage machine inventory by tracking configurations, clusters, and system annotations automatically updated every 30 minutes
2026/09/28 15:50:49 ADDED: /home/scribe/projects/work/cn-metadata/elemental-product-docs/docs/1.10/modules/en/pages/references/kubernetesversions.adoc (100 chars)
  → Find valid versions for the kubernetesVersion field using Rancher metadata and the provided commands
2026/09/28 15:50:51 ADDED: /home/scribe/projects/work/cn-metadata/elemental-product-docs/docs/1.10/modules/en/pages/references/machineinventory-reference.adoc (154 chars)
  → Create a MachineInventory resource to track a registered host, store its TPM hash, and run commands on it with conditions that show when it is ready to be
2026/09/28 15:50:51 ADDED: /home/scribe/projects/work/cn-metadata/elemental-product-docs/docs/1.10/modules/en/pages/references/machineinventoryselector-reference.adoc (119 chars)
  → Use a MachineInventorySelector to select MachineInventories based on applied selectors and track their readiness status
2026/09/28 15:50:52 ADDED: /home/scribe/projects/work/cn-metadata/elemental-product-docs/docs/1.10/modules/en/pages/references/machineinventoryselectortemplate-reference.adoc (130 chars)
  → Create a MachineInventorySelectorTemplate to define how to match inventoried machines with Cluster resources using label selectors
2026/09/28 15:50:54 ADDED: /home/scribe/projects/work/cn-metadata/elemental-product-docs/docs/1.10/modules/en/pages/references/machineregistration-reference.adoc (146 chars)
  → Create a MachineRegistration resource to generate a registration URL and configure settings for nodes to register and start the onboarding process
2026/09/28 15:50:56 ADDED: /home/scribe/projects/work/cn-metadata/elemental-product-docs/docs/1.10/modules/en/pages/references/managedosimage-reference.adoc (152 chars)
  → Create a ManagedOSImage resource to define an OS image or version that is applied to nodes in targeted clusters and update it to trigger upgrades change
2026/09/28 15:50:57 ADDED: /home/scribe/projects/work/cn-metadata/elemental-product-docs/docs/1.10/modules/en/pages/references/managedosversion-reference.adoc (116 chars)
  → Define a ManagedOSVersion resource to specify an OS image version for use with SeedImage or ManagedOSImage resources
2026/09/28 15:50:58 ADDED: /home/scribe/projects/work/cn-metadata/elemental-product-docs/docs/1.10/modules/en/pages/references/managedosversionchannel-reference.adoc (149 chars)
  → Configure a ManagedOSVersionChannel resource to define an OS image channel and specify upgrade container settings for System Upgrade Controller plans
2026/09/28 15:50:59 ADDED: /home/scribe/projects/work/cn-metadata/elemental-product-docs/docs/1.10/modules/en/pages/references/operatorchart-reference.adoc (119 chars)
  → Install the OS Manager Operator Helm chart to deploy and manage OS Manager on a Rancher Manager v2.6 cluster using Helm
2026/09/28 15:51:00 ADDED: /home/scribe/projects/work/cn-metadata/elemental-product-docs/docs/1.10/modules/en/pages/references/seedimage-reference.adoc (126 chars)
  → Create a SeedImage to build installation media for SUSE Rancher Prime OS Manager using a base image and registration reference
2026/09/28 15:51:01 ADDED: /home/scribe/projects/work/cn-metadata/elemental-product-docs/docs/1.10/modules/en/pages/release-notes.adoc (154 chars)
  → Find information about the latest versions, installation, upgrade steps, and known issues for the SUSE® Rancher Prime OS Manager project stack components
2026/09/28 15:51:03 ADDED: /home/scribe/projects/work/cn-metadata/elemental-product-docs/docs/1.10/modules/en/pages/troubleshooting/troubleshooting-label-templates.adoc (146 chars)
  → Use the dumpdata command with the elemental-register binary to view available Label Templates and their values in the console for troubleshooting.
2026/09/28 15:51:04 ADDED: /home/scribe/projects/work/cn-metadata/elemental-product-docs/docs/1.10/modules/en/pages/troubleshooting/troubleshooting-network.adoc (157 chars)
  → Troubleshoot issues with declarative networking by understanding how Elemental Machines register, claim IP addresses, and apply network configurations during
2026/09/28 15:51:05 ADDED: /home/scribe/projects/work/cn-metadata/elemental-product-docs/docs/1.10/modules/en/pages/troubleshooting/troubleshooting-rancher-upgrades.adoc (126 chars)
  → Fix the upgrade issue by creating an empty dynamicschemas.management.cattle.io resource named machineinventoryselectortemplate
2026/09/28 15:51:06 ADDED: /home/scribe/projects/work/cn-metadata/elemental-product-docs/docs/1.10/modules/en/pages/troubleshooting/troubleshooting-reset.adoc (119 chars)
  → Investigate why a MachineInventory has not been deleted by examining its annotation, finalizer, and related plan Secret
2026/09/28 15:51:08 ADDED: /home/scribe/projects/work/cn-metadata/elemental-product-docs/docs/1.10/modules/en/pages/troubleshooting/troubleshooting-restore.adoc (156 chars)
  → Troubleshooting restore requires copying the rancher2connectioninfo.json file from the elemental node to a location accessible through the Rancher UI before
2026/09/28 15:51:10 ADDED: /home/scribe/projects/work/cn-metadata/elemental-product-docs/docs/1.10/modules/en/pages/troubleshooting/troubleshooting-support.adoc (146 chars)
  → Run elemental-support to collect logs and configuration files from a SUSE® Rancher Prime OS Manager node for troubleshooting and debugging issues
2026/09/28 15:51:12 ADDED: /home/scribe/projects/work/cn-metadata/elemental-product-docs/docs/1.10/modules/en/pages/troubleshooting/troubleshooting-upgrade.adoc (157 chars)
  → Troubleshoot upgrade problems by checking the status of the ManagedOSImage, Bundle, and related upgrade Plan to find out why the upgrade might not be working
2026/09/28 15:51:13 ADDED: /home/scribe/projects/work/cn-metadata/elemental-product-docs/docs/1.10/modules/en/pages/troubleshooting/troubleshooting-verification.adoc (114 chars)
  → Troubleshoot Elemental issues by identifying the phase and checking resources, logs, and configurations for errors
2026/09/28 15:51:13 COPIED from 1.10: /home/scribe/projects/work/cn-metadata/elemental-product-docs/docs/1.5/modules/en/examples/authentication/registration-emulate-tpm.adoc (157 chars)
  → Configure a machine registration process using TPM emulation to securely enroll devices in a network without requiring hardware-based TPM modules by defining
2026/09/28 15:51:13 COPIED from 1.10: /home/scribe/projects/work/cn-metadata/elemental-product-docs/docs/1.5/modules/en/examples/authentication/registration-mac.adoc (156 chars)
  → Register a machine using its MAC address as the unique identifier in a YAML configuration file to define how the system recognizes and associates the device
2026/09/28 15:51:13 COPIED from 1.10: /home/scribe/projects/work/cn-metadata/elemental-product-docs/docs/1.5/modules/en/examples/authentication/registration-sys-uuid.adoc (159 chars)
  → Register a machine by using the UUID from the SMBIOS System Information table to uniquely identify the machine in the example MachineRegistration configuration
2026/09/28 15:51:13 COPIED from 1.10: /home/scribe/projects/work/cn-metadata/elemental-product-docs/docs/1.5/modules/en/examples/clusters/clusters-several-machinepools.adoc (157 chars)
  → Configure a cluster with multiple machine pools to manage different workloads and resources efficiently by defining each pool's specifications in a YAML file
2026/09/28 15:51:13 COPIED from 1.10: /home/scribe/projects/work/cn-metadata/elemental-product-docs/docs/1.5/modules/en/examples/proxy/cluster-proxy.adoc (136 chars)
  → Configure the server settings using the provided YAML format to define how the system processes incoming requests and manages data flows
2026/09/28 15:51:13 Loaded 29 attributes from /home/scribe/projects/work/cn-metadata/elemental-product-docs/docs/1.5/antora.yml
2026/09/28 15:51:14 ADDED: /home/scribe/projects/work/cn-metadata/elemental-product-docs/docs/1.5/modules/en/examples/proxy/registration-proxy.adoc (166 chars)
  → Configure the server settings using the provided YAML format to define how the system processes incoming requests and manages data flow between the client and server.
2026/09/28 15:51:14 COPIED from 1.10: /home/scribe/projects/work/cn-metadata/elemental-product-docs/docs/1.5/modules/en/examples/proxy/seedimage-proxy.adoc (166 chars)
  → Configure the server settings using the provided YAML format to define how the system processes incoming requests and manages data flow between the client and server.
2026/09/28 15:51:14 COPIED from 1.10: /home/scribe/projects/work/cn-metadata/elemental-product-docs/docs/1.5/modules/en/examples/quickstart/cluster.adoc (131 chars)
  → Create and edit a cluster configuration file using the cluster.yaml format to define the setup and settings for your system cluster
2026/09/28 15:51:14 COPIED from 1.10: /home/scribe/projects/work/cn-metadata/elemental-product-docs/docs/1.5/modules/en/examples/quickstart/registration-hardware-dhcphostname.adoc (145 chars)
  → See how to create and manage user accounts by following the steps in this example which shows you how to set up a new registration using a simple
2026/09/28 15:51:14 COPIED from 1.10: /home/scribe/projects/work/cn-metadata/elemental-product-docs/docs/1.5/modules/en/examples/quickstart/registration-tpm.adoc (147 chars)
  → Configure the registration settings for the trusted platform module by editing the YAML file to define how devices enroll and authenticate securely
2026/09/28 15:51:14 COPIED from 1.10: /home/scribe/projects/work/cn-metadata/elemental-product-docs/docs/1.5/modules/en/examples/quickstart/registration.adoc (151 chars)
  → Configure the register settings by editing the YAML file to define the structure and parameters of the system components that will be registered during
2026/09/28 15:51:14 COPIED from 1.10: /home/scribe/projects/work/cn-metadata/elemental-product-docs/docs/1.5/modules/en/examples/quickstart/rpi-registration.adoc (134 chars)
  → Configure the .rpi-registration.yaml file to define how the system registers and communicates with external services during deployment
2026/09/28 15:51:14 COPIED from 1.10: /home/scribe/projects/work/cn-metadata/elemental-product-docs/docs/1.5/modules/en/examples/quickstart/seedimage.adoc (149 chars)
  → Configure the seed image using the YAML file to define settings and parameters that control how the system initializes and operates during deployment
2026/09/28 15:51:14 COPIED from 1.10: /home/scribe/projects/work/cn-metadata/elemental-product-docs/docs/1.5/modules/en/examples/quickstart/selector.adoc (134 chars)
  → Configure the .selector.yaml file to define how the system selects and processes data based on rules and conditions listed in the file
2026/09/28 15:51:14 COPIED from 1.10: /home/scribe/projects/work/cn-metadata/elemental-product-docs/docs/1.5/modules/en/examples/upgrade/upgrade-cluster-target.adoc (153 chars)
  → Configure the cluster upgrade target using the upgrade-cluster-target.yaml file to define the desired version and settings for the cluster update process
2026/09/28 15:51:14 COPIED from 1.10: /home/scribe/projects/work/cn-metadata/elemental-product-docs/docs/1.5/modules/en/examples/upgrade/upgrade-force.adoc (163 chars)
  → Configure the upgrade-force.yaml file to define how the system handles forced upgrades by specifying rules and conditions that determine when and how updates occur
2026/09/28 15:51:14 COPIED from 1.10: /home/scribe/projects/work/cn-metadata/elemental-product-docs/docs/1.5/modules/en/examples/upgrade/upgrade-managedos-version.adoc (150 chars)
  → Configure your managed server to upgrade its operating system version using the provided YAML file to ensure the system runs the latest stable release
2026/09/28 15:51:14 COPIED from 1.10: /home/scribe/projects/work/cn-metadata/elemental-product-docs/docs/1.5/modules/en/examples/upgrade/upgrade-node-selector.adoc (109 chars)
  → Configure a node selector to control where Kubernetes pods run by editing the upgrade-node-selector.yaml file
2026/09/28 15:51:14 COPIED from 1.10: /home/scribe/projects/work/cn-metadata/elemental-product-docs/docs/1.5/modules/en/examples/upgrade/upgrade-recovery.adoc (143 chars)
  → Configure the upgrade recovery settings using the upgrade-recovery.yaml file to define how the system handles failures during an update process
2026/09/28 15:51:16 ADDED: /home/scribe/projects/work/cn-metadata/elemental-product-docs/docs/1.5/modules/en/pages/airgap.adoc (96 chars)
  → Install SUSE® Rancher Prime OS Manager in an air-gapped environment by running elemental-airgap
2026/09/28 15:51:17 ADDED: /home/scribe/projects/work/cn-metadata/elemental-product-docs/docs/1.5/modules/en/pages/architecture-clusterdeployment.adoc (151 chars)
  → Provision a Kubernetes cluster by creating a MachineInventorySelectorTemplate and defining a Rancher cluster with machinePools referencing the template
2026/09/28 15:51:19 ADDED: /home/scribe/projects/work/cn-metadata/elemental-product-docs/docs/1.5/modules/en/pages/architecture-components.adoc (158 chars)
  → Describe the main parts of the system that support the SUSE Rancher Prime OS Manager by explaining the roles of the command line tools, daemons, and OS images
2026/09/28 15:51:20 ADDED: /home/scribe/projects/work/cn-metadata/elemental-product-docs/docs/1.5/modules/en/pages/architecture-machineonboarding.adoc (101 chars)
  → Register a new machine and provision it with an operating system using the Machine Onboarding service
2026/09/28 15:51:21 ADDED: /home/scribe/projects/work/cn-metadata/elemental-product-docs/docs/1.5/modules/en/pages/architecture-services.adoc (112 chars)
  → Find the services that manage OS provisioning and Kubernetes cluster deployment in SUSE Rancher Prime OS Manager
2026/09/28 15:51:22 ADDED: /home/scribe/projects/work/cn-metadata/elemental-product-docs/docs/1.5/modules/en/pages/architecture.adoc (150 chars)
  → Explain the system architecture by describing how the two main components work together to install and manage operating systems using container images
2026/09/28 15:51:23 ADDED: /home/scribe/projects/work/cn-metadata/elemental-product-docs/docs/1.5/modules/en/pages/authentication.adoc (123 chars)
  → Configure authentication methods for machines registering to the OS Manager Operator using TPM, MAC address, or SMBIOS UUID
2026/09/28 15:51:25 ADDED: /home/scribe/projects/work/cn-metadata/elemental-product-docs/docs/1.5/modules/en/pages/backup.adoc (132 chars)
  → Backup SUSE® Rancher Prime OS Manager resources using the rancher-backup operator and verify the backup file on a Persistent Volume
2026/09/28 15:51:25 ADDED: /home/scribe/projects/work/cn-metadata/elemental-product-docs/docs/1.5/modules/en/pages/behind-proxy.adoc (109 chars)
  → Configure proxy settings for SUSE Rancher Prime OS Manager deployment in environments without Internet access
2026/09/28 15:51:28 ADDED: /home/scribe/projects/work/cn-metadata/elemental-product-docs/docs/1.5/modules/en/pages/cloud-config-reference.adoc (151 chars)
  → Configure a system using cloud-config by defining stages and actions in YAML files with Yip. Apply settings during specific phases of the boot process.
2026/09/28 15:51:29 ADDED: /home/scribe/projects/work/cn-metadata/elemental-product-docs/docs/1.5/modules/en/pages/cluster-reference.adoc (117 chars)
  → Create a cluster by defining a kubernetesVersion and specifying machinePools with roles, quantity, and configurations
2026/09/28 15:51:29 ADDED: /home/scribe/projects/work/cn-metadata/elemental-product-docs/docs/1.5/modules/en/pages/custom-certificate.adoc (102 chars)
  → Copy a custom certificate to the system trust directory to make it available for system-level services
2026/09/28 15:51:30 ADDED: /home/scribe/projects/work/cn-metadata/elemental-product-docs/docs/1.5/modules/en/pages/custom-images.adoc (130 chars)
  → Build and use custom OS images by creating Dockerfiles, building bootable ISOs, and registering them as ManagedOSVersion resources
2026/09/28 15:51:32 ADDED: /home/scribe/projects/work/cn-metadata/elemental-product-docs/docs/1.5/modules/en/pages/custom-install.adoc (152 chars)
  → Customize the installation process of SUSE® Rancher Prime OS Manager by adding configuration files, cloud-init files, and installation hooks to the ISO
2026/09/28 15:51:33 ADDED: /home/scribe/projects/work/cn-metadata/elemental-product-docs/docs/1.5/modules/en/pages/custom-resources.adoc (127 chars)
  → Create custom resources to manage OS Manager nodes by using Kubernetes custom resource definitions from the OS Manager Operator
2026/09/28 15:51:34 ADDED: /home/scribe/projects/work/cn-metadata/elemental-product-docs/docs/1.5/modules/en/pages/hardwarelabels.adoc (158 chars)
  → Create hardware labels by using collected data from registered nodes to help identify and select machines through a selector tool that uses template variables
2026/09/28 15:51:36 ADDED: /home/scribe/projects/work/cn-metadata/elemental-product-docs/docs/1.5/modules/en/pages/hostname.adoc (151 chars)
  → Customize hostname by setting the machineName field in the MachineRegistration resource to define a unique and static hostname for each host during K8s
2026/09/28 15:51:36 COPIED from 1.10: /home/scribe/projects/work/cn-metadata/elemental-product-docs/docs/1.5/modules/en/pages/index.adoc (131 chars)
  → Manage operating systems in a Kubernetes environment using Rancher with elemental-cli, elemental-operator, and rancher-system-agent
2026/09/28 15:51:37 ADDED: /home/scribe/projects/work/cn-metadata/elemental-product-docs/docs/1.5/modules/en/pages/installation.adoc (122 chars)
  → Install the SUSE Rancher Prime OS Manager Operator and prepare installation media to deploy and manage OS on cluster nodes
2026/09/28 15:51:39 ADDED: /home/scribe/projects/work/cn-metadata/elemental-product-docs/docs/1.5/modules/en/pages/inventory-management.adoc (154 chars)
  → Manage inventory of machines and their configuration details by using the MachineInventory and MachineRegistration resources to track, update, and control
2026/09/28 15:51:39 ADDED: /home/scribe/projects/work/cn-metadata/elemental-product-docs/docs/1.5/modules/en/pages/kubernetesversions.adoc (100 chars)
  → Find valid versions for the kubernetesVersion field using Rancher metadata and the provided commands
2026/09/28 15:51:41 ADDED: /home/scribe/projects/work/cn-metadata/elemental-product-docs/docs/1.5/modules/en/pages/machineinventory-reference.adoc (142 chars)
  → Create a MachineInventory resource when a new host registers successfully to track its TPM hash and allow execution of commands on the machine
2026/09/28 15:51:42 ADDED: /home/scribe/projects/work/cn-metadata/elemental-product-docs/docs/1.5/modules/en/pages/machineinventoryselector-reference.adoc (119 chars)
  → Use a MachineInventorySelector to select MachineInventories based on applied selectors and track their readiness status
2026/09/28 15:51:43 ADDED: /home/scribe/projects/work/cn-metadata/elemental-product-docs/docs/1.5/modules/en/pages/machineinventoryselectortemplate-reference.adoc (123 chars)
  → Create a MachineInventorySelectorTemplate to define matching criteria that pair inventoried machines with Cluster resources
2026/09/28 15:51:44 ADDED: /home/scribe/projects/work/cn-metadata/elemental-product-docs/docs/1.5/modules/en/pages/machineregistration-reference.adoc (135 chars)
  → Configure a MachineRegistration resource to generate a registration URL that enables nodes to register and start the onboarding process
2026/09/28 15:51:45 ADDED: /home/scribe/projects/work/cn-metadata/elemental-product-docs/docs/1.5/modules/en/pages/managedosimage-reference.adoc (110 chars)
  → Define a ManagedOSImage to apply an OS image version to specific clusters and configure node upgrade settings.
2026/09/28 15:51:46 ADDED: /home/scribe/projects/work/cn-metadata/elemental-product-docs/docs/1.5/modules/en/pages/managedosversion-reference.adoc (107 chars)
  → Define a ManagedOSVersion to specify an OS image version for use with SeedImage or ManagedOSImage resources
2026/09/28 15:51:47 ADDED: /home/scribe/projects/work/cn-metadata/elemental-product-docs/docs/1.5/modules/en/pages/managedosversionchannel-reference.adoc (136 chars)
  → Configure a ManagedOSVersionChannel resource to define the OS image channel and set upgrade settings for System Upgrade Controller plans
2026/09/28 15:51:49 ADDED: /home/scribe/projects/work/cn-metadata/elemental-product-docs/docs/1.5/modules/en/pages/networking-vlans.adoc (140 chars)
  → Create a VLAN connection profile on a live host by configuring NetworkManager to add a VLAN interface on the eth0 device with a VLAN ID of 1
2026/09/28 15:51:50 ADDED: /home/scribe/projects/work/cn-metadata/elemental-product-docs/docs/1.5/modules/en/pages/networking.adoc (113 chars)
  → Create custom network settings for SUSE Rancher Prime OS Manager by using NetworkManager keyfiles in cloud-config
2026/09/28 15:51:51 ADDED: /home/scribe/projects/work/cn-metadata/elemental-product-docs/docs/1.5/modules/en/pages/ntp.adoc (142 chars)
  → Configure NTP servers for SUSE Rancher Prime OS Manager by creating a custom configuration file in the /etc/systemd/timesyncd.conf.d directory
2026/09/28 15:51:52 ADDED: /home/scribe/projects/work/cn-metadata/elemental-product-docs/docs/1.5/modules/en/pages/operatorchart-reference.adoc (119 chars)
  → Install the OS Manager Operator Helm chart to deploy and manage OS Manager on a Rancher Manager v2.6 cluster using Helm
2026/09/28 15:51:54 ADDED: /home/scribe/projects/work/cn-metadata/elemental-product-docs/docs/1.5/modules/en/pages/plans.adoc (150 chars)
  → Introduce the page by explaining what the reader can do or learn about the system agent and how it uses plans to configure a node during initial setup
2026/09/28 15:51:55 ADDED: /home/scribe/projects/work/cn-metadata/elemental-product-docs/docs/1.5/modules/en/pages/quickstart-cli.adoc (158 chars)
  → Deploy a Kubernetes cluster using SUSE® Rancher Prime OS Manager by creating and applying configuration files for MachineRegistration, Cluster, and SeedImage
2026/09/28 15:51:56 ADDED: /home/scribe/projects/work/cn-metadata/elemental-product-docs/docs/1.5/modules/en/pages/quickstart-ui.adoc (131 chars)
  → Install the SUSE® Rancher Prime OS Manager plugin and operator to manage OS deployment and cluster provisioning in Rancher Manager
2026/09/28 15:51:58 ADDED: /home/scribe/projects/work/cn-metadata/elemental-product-docs/docs/1.5/modules/en/pages/rancher-vmware.adoc (125 chars)
  → Create a custom ISO with registration settings and test it on a VMware virtual machine to use with Rancher and an edge device
2026/09/28 15:51:58 COPIED from 1.10: /home/scribe/projects/work/cn-metadata/elemental-product-docs/docs/1.5/modules/en/pages/release-notes.adoc (154 chars)
  → Find information about the latest versions, installation, upgrade steps, and known issues for the SUSE® Rancher Prime OS Manager project stack components
2026/09/28 15:51:59 ADDED: /home/scribe/projects/work/cn-metadata/elemental-product-docs/docs/1.5/modules/en/pages/removable-device-cloudconfig.adoc (101 chars)
  → Create a cloud-config file on a removable device and use it during early boot to configure the system
2026/09/28 15:52:00 ADDED: /home/scribe/projects/work/cn-metadata/elemental-product-docs/docs/1.5/modules/en/pages/reset.adoc (136 chars)
  → Reset a machine by deleting its Node or Cluster to trigger a reset plan that reboots the machine and reapplies its cloud-config settings
2026/09/28 15:52:01 ADDED: /home/scribe/projects/work/cn-metadata/elemental-product-docs/docs/1.5/modules/en/pages/restore.adoc (105 chars)
  → Restore an SUSE Rancher Prime OS Manager configuration using the rancher-backup operator and backup files
2026/09/28 15:52:02 ADDED: /home/scribe/projects/work/cn-metadata/elemental-product-docs/docs/1.5/modules/en/pages/seedimage-reference.adoc (135 chars)
  → Create a SeedImage resource to build installation media for SUSE Rancher Prime OS Manager using a base image and registration reference
2026/09/28 15:52:03 ADDED: /home/scribe/projects/work/cn-metadata/elemental-product-docs/docs/1.5/modules/en/pages/smbios.adoc (121 chars)
  → Learn how SMBIOS data is used to generate machine names and labels based on hardware information during node registration
2026/09/28 15:52:04 ADDED: /home/scribe/projects/work/cn-metadata/elemental-product-docs/docs/1.5/modules/en/pages/tpm.adoc (120 chars)
  → Add TPM module to virtual machine or bare metal machine using Libvirt with Virt-manager or by editing YAML configuration
2026/09/28 15:52:05 ADDED: /home/scribe/projects/work/cn-metadata/elemental-product-docs/docs/1.5/modules/en/pages/troubleshooting-rancher-upgrades.adoc (128 chars)
  → Avoid the upgrade issue by creating an empty dynamicschemas.management.cattle.io resource named machineinventoryselectortemplate
2026/09/28 15:52:06 ADDED: /home/scribe/projects/work/cn-metadata/elemental-product-docs/docs/1.5/modules/en/pages/troubleshooting-reset.adoc (119 chars)
  → Investigate why a MachineInventory has not been deleted by examining its annotation, finalizer, and related plan Secret
2026/09/28 15:52:07 ADDED: /home/scribe/projects/work/cn-metadata/elemental-product-docs/docs/1.5/modules/en/pages/troubleshooting-restore.adoc (121 chars)
  → Troubleshoot restore by copying the rancher2connectioninfo.json file and running the rancher-agent-token-update.sh script
2026/09/28 15:52:08 ADDED: /home/scribe/projects/work/cn-metadata/elemental-product-docs/docs/1.5/modules/en/pages/troubleshooting-support.adoc (125 chars)
  → Run elemental-support to collect logs and configuration files from a SUSE® Rancher Prime OS Manager node for troubleshooting
2026/09/28 15:52:10 ADDED: /home/scribe/projects/work/cn-metadata/elemental-product-docs/docs/1.5/modules/en/pages/troubleshooting-upgrade.adoc (156 chars)
  → Check the status of each upgrade job by looking at the job names, which include the Plan name and the target machine hostname, and use the provided commands
2026/09/28 15:52:11 ADDED: /home/scribe/projects/work/cn-metadata/elemental-product-docs/docs/1.5/modules/en/pages/unmanaged-os.adoc (122 chars)
  → Register an unmanaged operating system by using elemental-register and enabling the no-toolkit flag on MachineRegistration
2026/09/28 15:52:12 ADDED: /home/scribe/projects/work/cn-metadata/elemental-product-docs/docs/1.5/modules/en/pages/upgrade-lifecycle.adoc (156 chars)
  → Upgrade Lifecycle explains how to manage and verify the upgrade process for SUSE Rancher Prime OS Manager clusters using Fleet and System Upgrade Controller
2026/09/28 15:52:13 ADDED: /home/scribe/projects/work/cn-metadata/elemental-product-docs/docs/1.5/modules/en/pages/upgrade.adoc (120 chars)
  → Upgrade components in SUSE Rancher Prime OS Manager using Kubernetes methods through the operator with CLI or UI options
2026/09/28 15:52:14 ADDED: /home/scribe/projects/work/cn-metadata/elemental-product-docs/docs/1.5/modules/en/pages/wifi.adoc (105 chars)
  → Create a Wi-Fi connection configuration file for NetworkManager to set up a wireless network on your node
2026/09/28 15:52:14 COPIED from 1.10: /home/scribe/projects/work/cn-metadata/elemental-product-docs/docs/1.6/modules/en/examples/authentication/registration-emulate-tpm.adoc (157 chars)
  → Configure a machine registration process using TPM emulation to securely enroll devices in a network without requiring hardware-based TPM modules by defining
2026/09/28 15:52:14 COPIED from 1.10: /home/scribe/projects/work/cn-metadata/elemental-product-docs/docs/1.6/modules/en/examples/authentication/registration-mac.adoc (156 chars)
  → Register a machine using its MAC address as the unique identifier in a YAML configuration file to define how the system recognizes and associates the device
2026/09/28 15:52:14 COPIED from 1.10: /home/scribe/projects/work/cn-metadata/elemental-product-docs/docs/1.6/modules/en/examples/authentication/registration-sys-uuid.adoc (159 chars)
  → Register a machine by using the UUID from the SMBIOS System Information table to uniquely identify the machine in the example MachineRegistration configuration
2026/09/28 15:52:14 COPIED from 1.10: /home/scribe/projects/work/cn-metadata/elemental-product-docs/docs/1.6/modules/en/examples/clusters/clusters-several-machinepools.adoc (157 chars)
  → Configure a cluster with multiple machine pools to manage different workloads and resources efficiently by defining each pool's specifications in a YAML file
2026/09/28 15:52:14 COPIED from 1.10: /home/scribe/projects/work/cn-metadata/elemental-product-docs/docs/1.6/modules/en/examples/proxy/cluster-proxy.adoc (136 chars)
  → Configure the server settings using the provided YAML format to define how the system processes incoming requests and manages data flows
2026/09/28 15:52:14 Loaded 29 attributes from /home/scribe/projects/work/cn-metadata/elemental-product-docs/docs/1.6/antora.yml
2026/09/28 15:52:15 ADDED: /home/scribe/projects/work/cn-metadata/elemental-product-docs/docs/1.6/modules/en/examples/proxy/registration-proxy.adoc (162 chars)
  → Configure the system by editing the YAML file to define settings, tasks, and parameters that control how the application behaves and interacts with other systems.
2026/09/28 15:52:15 COPIED from 1.10: /home/scribe/projects/work/cn-metadata/elemental-product-docs/docs/1.6/modules/en/examples/proxy/seedimage-proxy.adoc (166 chars)
  → Configure the server settings using the provided YAML format to define how the system processes incoming requests and manages data flow between the client and server.
2026/09/28 15:52:15 COPIED from 1.10: /home/scribe/projects/work/cn-metadata/elemental-product-docs/docs/1.6/modules/en/examples/quickstart/cluster.adoc (131 chars)
  → Create and edit a cluster configuration file using the cluster.yaml format to define the setup and settings for your system cluster
2026/09/28 15:52:15 COPIED from 1.10: /home/scribe/projects/work/cn-metadata/elemental-product-docs/docs/1.6/modules/en/examples/quickstart/registration-hardware-dhcphostname.adoc (145 chars)
  → See how to create and manage user accounts by following the steps in this example which shows you how to set up a new registration using a simple
2026/09/28 15:52:15 COPIED from 1.10: /home/scribe/projects/work/cn-metadata/elemental-product-docs/docs/1.6/modules/en/examples/quickstart/registration-tpm.adoc (147 chars)
  → Configure the registration settings for the trusted platform module by editing the YAML file to define how devices enroll and authenticate securely
2026/09/28 15:52:15 COPIED from 1.10: /home/scribe/projects/work/cn-metadata/elemental-product-docs/docs/1.6/modules/en/examples/quickstart/registration.adoc (151 chars)
  → Configure the register settings by editing the YAML file to define the structure and parameters of the system components that will be registered during
2026/09/28 15:52:15 COPIED from 1.10: /home/scribe/projects/work/cn-metadata/elemental-product-docs/docs/1.6/modules/en/examples/quickstart/rpi-registration.adoc (134 chars)
  → Configure the .rpi-registration.yaml file to define how the system registers and communicates with external services during deployment
2026/09/28 15:52:15 COPIED from 1.10: /home/scribe/projects/work/cn-metadata/elemental-product-docs/docs/1.6/modules/en/examples/quickstart/seedimage-vm-tools.adoc (158 chars)
  → Configure the virtual machine tools by editing the YAML file to define the seed image settings and ensure proper deployment of the virtual machine environment
2026/09/28 15:52:15 COPIED from 1.10: /home/scribe/projects/work/cn-metadata/elemental-product-docs/docs/1.6/modules/en/examples/quickstart/seedimage.adoc (149 chars)
  → Configure the seed image using the YAML file to define settings and parameters that control how the system initializes and operates during deployment
2026/09/28 15:52:15 COPIED from 1.10: /home/scribe/projects/work/cn-metadata/elemental-product-docs/docs/1.6/modules/en/examples/quickstart/selector.adoc (134 chars)
  → Configure the .selector.yaml file to define how the system selects and processes data based on rules and conditions listed in the file
2026/09/28 15:52:15 COPIED from 1.10: /home/scribe/projects/work/cn-metadata/elemental-product-docs/docs/1.6/modules/en/examples/upgrade/managed-os-version-channel-custom.adoc (112 chars)
  → Configure the managed OS version channel custom settings by editing the .managed-os-version-channel-custom file.
2026/09/28 15:52:15 COPIED from 1.10: /home/scribe/projects/work/cn-metadata/elemental-product-docs/docs/1.6/modules/en/examples/upgrade/managed-os-version-channel-json.adoc (157 chars)
  → Configure the managed operating system version channel by editing the YAML file to specify the desired update settings and ensure the system stays up to date
2026/09/28 15:52:15 COPIED from 1.10: /home/scribe/projects/work/cn-metadata/elemental-product-docs/docs/1.6/modules/en/examples/upgrade/upgrade-cluster-target.adoc (153 chars)
  → Configure the cluster upgrade target using the upgrade-cluster-target.yaml file to define the desired version and settings for the cluster update process
2026/09/28 15:52:15 COPIED from 1.10: /home/scribe/projects/work/cn-metadata/elemental-product-docs/docs/1.6/modules/en/examples/upgrade/upgrade-force.adoc (163 chars)
  → Configure the upgrade-force.yaml file to define how the system handles forced upgrades by specifying rules and conditions that determine when and how updates occur
2026/09/28 15:52:15 COPIED from 1.10: /home/scribe/projects/work/cn-metadata/elemental-product-docs/docs/1.6/modules/en/examples/upgrade/upgrade-managedos-version.adoc (150 chars)
  → Configure your managed server to upgrade its operating system version using the provided YAML file to ensure the system runs the latest stable release
2026/09/28 15:52:15 COPIED from 1.10: /home/scribe/projects/work/cn-metadata/elemental-product-docs/docs/1.6/modules/en/examples/upgrade/upgrade-node-selector.adoc (109 chars)
  → Configure a node selector to control where Kubernetes pods run by editing the upgrade-node-selector.yaml file
2026/09/28 15:52:15 COPIED from 1.10: /home/scribe/projects/work/cn-metadata/elemental-product-docs/docs/1.6/modules/en/examples/upgrade/upgrade-recovery.adoc (143 chars)
  → Configure the upgrade recovery settings using the upgrade-recovery.yaml file to define how the system handles failures during an update process
2026/09/28 15:52:17 ADDED: /home/scribe/projects/work/cn-metadata/elemental-product-docs/docs/1.6/modules/en/pages/airgap.adoc (156 chars)
  → Install SUSE Rancher Prime OS Manager in an air-gapped environment by using the elemental-airgap.sh script to download charts and images and build a channel
2026/09/28 15:52:18 ADDED: /home/scribe/projects/work/cn-metadata/elemental-product-docs/docs/1.6/modules/en/pages/architecture-clusterdeployment.adoc (151 chars)
  → Provision a Kubernetes cluster by creating a MachineInventorySelectorTemplate and defining a Rancher cluster with machinePools referencing the template
2026/09/28 15:52:20 ADDED: /home/scribe/projects/work/cn-metadata/elemental-product-docs/docs/1.6/modules/en/pages/architecture-components.adoc (147 chars)
  → Describe the main parts of the system that support the SUSE Rancher Prime OS Manager services, including command line tools, daemons, and OS images
2026/09/28 15:52:22 ADDED: /home/scribe/projects/work/cn-metadata/elemental-product-docs/docs/1.6/modules/en/pages/architecture-machineonboarding.adoc (151 chars)
  → Register a new machine by creating a MachineRegistration resource that defines the OS installation configuration, then generate a self-installing image
2026/09/28 15:52:23 ADDED: /home/scribe/projects/work/cn-metadata/elemental-product-docs/docs/1.6/modules/en/pages/architecture-services.adoc (154 chars)
  → Find the services that support OS provisioning, host registration, and Kubernetes cluster deployment in the SUSE Rancher Prime OS Manager Operator catalog
2026/09/28 15:52:24 ADDED: /home/scribe/projects/work/cn-metadata/elemental-product-docs/docs/1.6/modules/en/pages/architecture.adoc (109 chars)
  → Understand the main components and how they work together in the SUSE® Rancher Prime OS Manager architecture
2026/09/28 15:52:25 ADDED: /home/scribe/projects/work/cn-metadata/elemental-product-docs/docs/1.6/modules/en/pages/authentication.adoc (154 chars)
  → Configure authentication methods for machines registering to the SUSE Rancher Prime OS Manager Operator using TPM attestation, MAC address, or SMBIOS UUID
2026/09/28 15:52:26 ADDED: /home/scribe/projects/work/cn-metadata/elemental-product-docs/docs/1.6/modules/en/pages/backup.adoc (111 chars)
  → Backup SUSE® Rancher Prime OS Manager resources using the rancher-backup operator and Kubernetes cluster tools
2026/09/28 15:52:27 ADDED: /home/scribe/projects/work/cn-metadata/elemental-product-docs/docs/1.6/modules/en/pages/behind-proxy.adoc (147 chars)
  → Configure proxy settings for SUSE Rancher Prime OS Manager deployment to enable communication through an HTTP(S) proxy in an enterprise environment
2026/09/28 15:52:28 ADDED: /home/scribe/projects/work/cn-metadata/elemental-product-docs/docs/1.6/modules/en/pages/channels.adoc (114 chars)
  → Create or use channels to manage OS versions for building ISOs or upgrading nodes in SUSE Rancher Prime OS Manager
2026/09/28 15:52:29 ADDED: /home/scribe/projects/work/cn-metadata/elemental-product-docs/docs/1.6/modules/en/pages/cloud-config-reference.adoc (108 chars)
  → Learn how to use cloud-config files to configure system settings during different stages of the boot process
2026/09/28 15:52:31 ADDED: /home/scribe/projects/work/cn-metadata/elemental-product-docs/docs/1.6/modules/en/pages/cluster-reference.adoc (120 chars)
  → Create a cluster by defining a kubernetesVersion and configuring machinePools with roles, quantity, and machineConfigRef
2026/09/28 15:52:31 ADDED: /home/scribe/projects/work/cn-metadata/elemental-product-docs/docs/1.6/modules/en/pages/custom-certificate.adoc (102 chars)
  → Copy a custom certificate to the system trust directory to make it available for system-level services
2026/09/28 15:52:32 ADDED: /home/scribe/projects/work/cn-metadata/elemental-product-docs/docs/1.6/modules/en/pages/custom-images.adoc (122 chars)
  → Build and use custom OS images by creating container images with Dockerfiles and generating bootable ISOs for installation
2026/09/28 15:52:34 ADDED: /home/scribe/projects/work/cn-metadata/elemental-product-docs/docs/1.6/modules/en/pages/custom-install.adoc (130 chars)
  → Customize the OS Manager installation by adding cloud-config files or a custom Elemental client configuration during installation.
2026/09/28 15:52:34 ADDED: /home/scribe/projects/work/cn-metadata/elemental-product-docs/docs/1.6/modules/en/pages/custom-resources.adoc (120 chars)
  → Create custom resources to manage SUSE Rancher Prime OS Manager nodes using Kubernetes CRDs from the OS Manager Operator
2026/09/28 15:52:36 ADDED: /home/scribe/projects/work/cn-metadata/elemental-product-docs/docs/1.6/modules/en/pages/extra-rpms.adoc (158 chars)
  → Add third party RPMs to an ISO image during installation by including them in a SeedImage resource with a cloud-config section that defines installation hooks
2026/09/28 15:52:37 ADDED: /home/scribe/projects/work/cn-metadata/elemental-product-docs/docs/1.6/modules/en/pages/hardwarelabels.adoc (146 chars)
  → Create hardware labels by collecting and using hardware data during node registration to help identify and select machines through MachineSelector
2026/09/28 15:52:39 ADDED: /home/scribe/projects/work/cn-metadata/elemental-product-docs/docs/1.6/modules/en/pages/hostname.adoc (156 chars)
  → Customize hostname by setting the machineName field in the MachineRegistration resource to define a unique and permanent hostname for each node using SMBIOS
2026/09/28 15:52:39 COPIED from 1.10: /home/scribe/projects/work/cn-metadata/elemental-product-docs/docs/1.6/modules/en/pages/index.adoc (131 chars)
  → Manage operating systems in a Kubernetes environment using Rancher with elemental-cli, elemental-operator, and rancher-system-agent
2026/09/28 15:52:40 ADDED: /home/scribe/projects/work/cn-metadata/elemental-product-docs/docs/1.6/modules/en/pages/installation.adoc (122 chars)
  → Install the SUSE Rancher Prime OS Manager Operator and prepare installation media to deploy and manage OS on cluster nodes
2026/09/28 15:52:41 ADDED: /home/scribe/projects/work/cn-metadata/elemental-product-docs/docs/1.6/modules/en/pages/inventory-management.adoc (158 chars)
  → Manage machine inventory to track registered machines, their configuration, and cluster assignments using MachineInventory and MachineRegistration definitions
2026/09/28 15:52:42 ADDED: /home/scribe/projects/work/cn-metadata/elemental-product-docs/docs/1.6/modules/en/pages/kubernetesversions.adoc (100 chars)
  → Find valid versions for the kubernetesVersion field using Rancher metadata and the provided commands
2026/09/28 15:52:43 ADDED: /home/scribe/projects/work/cn-metadata/elemental-product-docs/docs/1.6/modules/en/pages/lvm-drives-example.adoc (135 chars)
  → Add extra LVM volume group disks during installation by using cloud-config steps and installation hooks to prepare and format the disks
2026/09/28 15:52:44 ADDED: /home/scribe/projects/work/cn-metadata/elemental-product-docs/docs/1.6/modules/en/pages/machineinventory-reference.adoc (149 chars)
  → Create a MachineInventory resource when a new host registers successfully to store the TPM hash of the host and allow execution of arbitrary commands
2026/09/28 15:52:45 ADDED: /home/scribe/projects/work/cn-metadata/elemental-product-docs/docs/1.6/modules/en/pages/machineinventoryselector-reference.adoc (119 chars)
  → Use a MachineInventorySelector to select MachineInventories based on applied selectors and track their readiness status
2026/09/28 15:52:46 ADDED: /home/scribe/projects/work/cn-metadata/elemental-product-docs/docs/1.6/modules/en/pages/machineinventoryselectortemplate-reference.adoc (102 chars)
  → Create MachineInventorySelectors by defining matching criteria in the MachineInventorySelectorTemplate
2026/09/28 15:52:47 ADDED: /home/scribe/projects/work/cn-metadata/elemental-product-docs/docs/1.6/modules/en/pages/machineregistration-reference.adoc (126 chars)
  → Configure a MachineRegistration resource to define OS installation and registration settings for SUSE Rancher Prime OS Manager
2026/09/28 15:52:49 ADDED: /home/scribe/projects/work/cn-metadata/elemental-product-docs/docs/1.6/modules/en/pages/managedosimage-reference.adoc (149 chars)
  → Create a ManagedOSImage resource to define an OS image or version that will be applied to specific clusters and to control how upgrades are triggered
2026/09/28 15:52:51 ADDED: /home/scribe/projects/work/cn-metadata/elemental-product-docs/docs/1.6/modules/en/pages/managedosversion-reference.adoc (151 chars)
  → Define a managed OS version to specify an OS image that can be used with SeedImage or ManagedOSImage resources by configuring keys in ManagedOSVersion.
2026/09/28 15:52:52 ADDED: /home/scribe/projects/work/cn-metadata/elemental-product-docs/docs/1.6/modules/en/pages/managedosversionchannel-reference.adoc (142 chars)
  → Configure the ManagedOSVersionChannel resource to define the OS image channel and specify upgrade settings for System Upgrade Controller plans
2026/09/28 15:52:53 ADDED: /home/scribe/projects/work/cn-metadata/elemental-product-docs/docs/1.6/modules/en/pages/networking-static.adoc (108 chars)
  → Create a static network configuration for individual machines using nm-configurator and MAC address mappings
2026/09/28 15:52:54 ADDED: /home/scribe/projects/work/cn-metadata/elemental-product-docs/docs/1.6/modules/en/pages/networking-vlans.adoc (149 chars)
  → Create a VLAN connection profile on a live host using NetworkManager to add a VLAN interface on top of the eth0 device with a VLAN ID of 1 and manage
2026/09/28 15:52:55 ADDED: /home/scribe/projects/work/cn-metadata/elemental-product-docs/docs/1.6/modules/en/pages/networking.adoc (131 chars)
  → Create custom network settings for SUSE Rancher Prime OS Manager by using NetworkManager connection profile files with cloud-config
2026/09/28 15:52:57 ADDED: /home/scribe/projects/work/cn-metadata/elemental-product-docs/docs/1.6/modules/en/pages/ntp.adoc (153 chars)
  → Configure NTP servers by creating a custom configuration file in the /etc/systemd/timesyncd.conf.d directory and restarting the systemd-timesyncd service
2026/09/28 15:52:58 ADDED: /home/scribe/projects/work/cn-metadata/elemental-product-docs/docs/1.6/modules/en/pages/operatorchart-reference.adoc (119 chars)
  → Install the OS Manager Operator Helm chart to deploy and manage OS Manager on a Rancher Manager v2.6 cluster using Helm
2026/09/28 15:52:59 ADDED: /home/scribe/projects/work/cn-metadata/elemental-product-docs/docs/1.6/modules/en/pages/plans.adoc (119 chars)
  → Apply OS Manager plans to configure nodes with one-time or periodic instructions, files, or probes during initial setup
2026/09/28 15:53:00 ADDED: /home/scribe/projects/work/cn-metadata/elemental-product-docs/docs/1.6/modules/en/pages/quickstart-cli.adoc (100 chars)
  → Create a Kubernetes cluster using SUSE® Rancher Prime OS Manager by deploying resources with an ISO
2026/09/28 15:53:01 ADDED: /home/scribe/projects/work/cn-metadata/elemental-product-docs/docs/1.6/modules/en/pages/quickstart-ui.adoc (106 chars)
  → Install the SUSE® Rancher Prime OS Manager plugin and operator to provision clusters based on RKE2 or K3s
2026/09/28 15:53:03 ADDED: /home/scribe/projects/work/cn-metadata/elemental-product-docs/docs/1.6/modules/en/pages/rancher-vmware.adoc (139 chars)
  → Create a virtual machine in VMware Workstation with TPM and boot it using an ISO image to install and register Elemental nodes with Rancher
2026/09/28 15:53:04 ADDED: /home/scribe/projects/work/cn-metadata/elemental-product-docs/docs/1.6/modules/en/pages/raspi-disk.adoc (117 chars)
  → Build a raw disk image for Raspberry Pi that can be written to an SD card and booted without other installation media
2026/09/28 15:53:04 COPIED from 1.10: /home/scribe/projects/work/cn-metadata/elemental-product-docs/docs/1.6/modules/en/pages/release-notes.adoc (154 chars)
  → Find information about the latest versions, installation, upgrade steps, and known issues for the SUSE® Rancher Prime OS Manager project stack components
2026/09/28 15:53:05 ADDED: /home/scribe/projects/work/cn-metadata/elemental-product-docs/docs/1.6/modules/en/pages/removable-device-cloudconfig.adoc (101 chars)
  → Create a cloud-config file on a removable device and use it during early boot to configure the system
2026/09/28 15:53:06 ADDED: /home/scribe/projects/work/cn-metadata/elemental-product-docs/docs/1.6/modules/en/pages/reset.adoc (136 chars)
  → Reset a machine by deleting its node or cluster to trigger a reset plan that reboots the machine and reapplies its cloud-config settings
2026/09/28 15:53:07 ADDED: /home/scribe/projects/work/cn-metadata/elemental-product-docs/docs/1.6/modules/en/pages/restore.adoc (104 chars)
  → Restore a SUSE Rancher Prime OS Manager configuration using the rancher-backup operator and backup files
2026/09/28 15:53:08 ADDED: /home/scribe/projects/work/cn-metadata/elemental-product-docs/docs/1.6/modules/en/pages/seedimage-reference.adoc (126 chars)
  → Create a SeedImage to build installation media for SUSE Rancher Prime OS Manager using a base image and registration reference
2026/09/28 15:53:10 ADDED: /home/scribe/projects/work/cn-metadata/elemental-product-docs/docs/1.6/modules/en/pages/smbios.adoc (140 chars)
  → Gather SMBIOS data from a computer's BIOS to read hardware information and use it to create labels and names for systems during registration
2026/09/28 15:53:11 ADDED: /home/scribe/projects/work/cn-metadata/elemental-product-docs/docs/1.6/modules/en/pages/tpm.adoc (119 chars)
  → Add TPM module to virtual machine or bare metal machine using Libvirt with Virt-manager or by configuring YAML settings
2026/09/28 15:53:11 ADDED: /home/scribe/projects/work/cn-metadata/elemental-product-docs/docs/1.6/modules/en/pages/troubleshooting-rancher-upgrades.adoc (128 chars)
  → Avoid the upgrade issue by creating an empty dynamicschemas.management.cattle.io resource named machineinventoryselectortemplate
2026/09/28 15:53:13 ADDED: /home/scribe/projects/work/cn-metadata/elemental-product-docs/docs/1.6/modules/en/pages/troubleshooting-reset.adoc (119 chars)
  → Investigate why a MachineInventory has not been deleted by examining its annotation, finalizer, and related plan Secret
2026/09/28 15:53:13 ADDED: /home/scribe/projects/work/cn-metadata/elemental-product-docs/docs/1.6/modules/en/pages/troubleshooting-restore.adoc (121 chars)
  → Troubleshoot restore by copying the rancher2connectioninfo.json file and running the rancher-agent-token-update.sh script
2026/09/28 15:53:15 ADDED: /home/scribe/projects/work/cn-metadata/elemental-product-docs/docs/1.6/modules/en/pages/troubleshooting-support.adoc (146 chars)
  → Run elemental-support to collect logs and configuration files from a SUSE® Rancher Prime OS Manager node for troubleshooting and debugging issues
2026/09/28 15:53:17 ADDED: /home/scribe/projects/work/cn-metadata/elemental-product-docs/docs/1.6/modules/en/pages/troubleshooting-upgrade.adoc (155 chars)
  → Troubleshoot upgrade issues by checking the status of the ManagedOSImage, verifying the Bundle creation, reviewing the upgrade Plan, and examining job logs
2026/09/28 15:53:18 ADDED: /home/scribe/projects/work/cn-metadata/elemental-product-docs/docs/1.6/modules/en/pages/unmanaged-os.adoc (127 chars)
  → Register an unmanaged operating system by using elemental-register and configuring MachineRegistration with the no-toolkit flag
2026/09/28 15:53:19 ADDED: /home/scribe/projects/work/cn-metadata/elemental-product-docs/docs/1.6/modules/en/pages/upgrade-lifecycle.adoc (107 chars)
  → Understand how to manage and verify upgrades using the Upgrade Lifecycle in SUSE® Rancher Prime OS Manager
2026/09/28 15:53:20 ADDED: /home/scribe/projects/work/cn-metadata/elemental-product-docs/docs/1.6/modules/en/pages/upgrade.adoc (119 chars)
  → Upgrade components in SUSE Rancher Prime OS Manager using Kubernetes methods through the user interface or command line
2026/09/28 15:53:21 ADDED: /home/scribe/projects/work/cn-metadata/elemental-product-docs/docs/1.6/modules/en/pages/wifi.adoc (130 chars)
  → Configure Wi-Fi by creating a .connection file with network details and adding it to the cloud-config section of your registration
2026/09/28 15:53:21 COPIED from 1.10: /home/scribe/projects/work/cn-metadata/elemental-product-docs/docs/1.7/modules/en/examples/authentication/registration-emulate-tpm.adoc (157 chars)
  → Configure a machine registration process using TPM emulation to securely enroll devices in a network without requiring hardware-based TPM modules by defining
2026/09/28 15:53:21 COPIED from 1.10: /home/scribe/projects/work/cn-metadata/elemental-product-docs/docs/1.7/modules/en/examples/authentication/registration-mac.adoc (156 chars)
  → Register a machine using its MAC address as the unique identifier in a YAML configuration file to define how the system recognizes and associates the device
2026/09/28 15:53:21 COPIED from 1.10: /home/scribe/projects/work/cn-metadata/elemental-product-docs/docs/1.7/modules/en/examples/authentication/registration-sys-uuid.adoc (159 chars)
  → Register a machine by using the UUID from the SMBIOS System Information table to uniquely identify the machine in the example MachineRegistration configuration
2026/09/28 15:53:21 COPIED from 1.10: /home/scribe/projects/work/cn-metadata/elemental-product-docs/docs/1.7/modules/en/examples/clusters/clusters-several-machinepools.adoc (157 chars)
  → Configure a cluster with multiple machine pools to manage different workloads and resources efficiently by defining each pool's specifications in a YAML file
2026/09/28 15:53:21 COPIED from 1.10: /home/scribe/projects/work/cn-metadata/elemental-product-docs/docs/1.7/modules/en/examples/labeltemplates/registration.adoc (121 chars)
  → Configure the registration settings by editing the YAML file to define how users are registered and managed in the system
2026/09/28 15:53:21 COPIED from 1.10: /home/scribe/projects/work/cn-metadata/elemental-product-docs/docs/1.7/modules/en/examples/network/machineregistration-nmc.adoc (132 chars)
  → Configure a machine registration using the nmc configurator by editing a YAML file to define settings and parameters for the machine
2026/09/28 15:53:21 COPIED from 1.10: /home/scribe/projects/work/cn-metadata/elemental-product-docs/docs/1.7/modules/en/examples/network/machineregistration-nmconnections.adoc (136 chars)
  → Configure the system to manage data using the specified format and ensure all settings match the required structure for proper operation
2026/09/28 15:53:21 COPIED from 1.10: /home/scribe/projects/work/cn-metadata/elemental-product-docs/docs/1.7/modules/en/examples/network/machineregistration-nmstate.adoc (156 chars)
  → Configure a machine registration using the nmstate configurator by defining network settings in a YAML file to apply the desired configuration to the system
2026/09/28 15:53:21 COPIED from 1.10: /home/scribe/projects/work/cn-metadata/elemental-product-docs/docs/1.7/modules/en/examples/network/machineregistration.adoc (144 chars)
  → Configure a machine registration process with declarative networking by defining rules and settings in a YAML file to control device connections
2026/09/28 15:53:21 COPIED from 1.10: /home/scribe/projects/work/cn-metadata/elemental-product-docs/docs/1.7/modules/en/examples/network/yip-nmc-static-config.adoc (114 chars)
  → Configure the static network settings using the provided YAML file to define the network parameters for the system
2026/09/28 15:53:21 COPIED from 1.10: /home/scribe/projects/work/cn-metadata/elemental-product-docs/docs/1.7/modules/en/examples/proxy/cluster-proxy.adoc (136 chars)
  → Configure the server settings using the provided YAML format to define how the system processes incoming requests and manages data flows
2026/09/28 15:53:21 Loaded 29 attributes from /home/scribe/projects/work/cn-metadata/elemental-product-docs/docs/1.7/antora.yml
2026/09/28 15:53:22 ERROR processing /home/scribe/projects/work/cn-metadata/elemental-product-docs/docs/1.7/modules/en/examples/proxy/registration-proxy.adoc: generated description contains prompt leakage after retry
2026/09/28 15:53:22 COPIED from 1.10: /home/scribe/projects/work/cn-metadata/elemental-product-docs/docs/1.7/modules/en/examples/proxy/seedimage-proxy.adoc (166 chars)
  → Configure the server settings using the provided YAML format to define how the system processes incoming requests and manages data flow between the client and server.
2026/09/28 15:53:22 COPIED from 1.10: /home/scribe/projects/work/cn-metadata/elemental-product-docs/docs/1.7/modules/en/examples/quickstart/cluster.adoc (131 chars)
  → Create and edit a cluster configuration file using the cluster.yaml format to define the setup and settings for your system cluster
2026/09/28 15:53:22 COPIED from 1.10: /home/scribe/projects/work/cn-metadata/elemental-product-docs/docs/1.7/modules/en/examples/quickstart/registration-hardware-dhcphostname.adoc (145 chars)
  → See how to create and manage user accounts by following the steps in this example which shows you how to set up a new registration using a simple
2026/09/28 15:53:22 COPIED from 1.10: /home/scribe/projects/work/cn-metadata/elemental-product-docs/docs/1.7/modules/en/examples/quickstart/registration-random-hostname.adoc (135 chars)
  → Create a registration form by using example random template variables in YAML format to define fields and structure data for user input
2026/09/28 15:53:22 COPIED from 1.10: /home/scribe/projects/work/cn-metadata/elemental-product-docs/docs/1.7/modules/en/examples/quickstart/registration-tpm.adoc (147 chars)
  → Configure the registration settings for the trusted platform module by editing the YAML file to define how devices enroll and authenticate securely
2026/09/28 15:53:22 COPIED from 1.10: /home/scribe/projects/work/cn-metadata/elemental-product-docs/docs/1.7/modules/en/examples/quickstart/registration.adoc (151 chars)
  → Configure the register settings by editing the YAML file to define the structure and parameters of the system components that will be registered during
2026/09/28 15:53:22 COPIED from 1.10: /home/scribe/projects/work/cn-metadata/elemental-product-docs/docs/1.7/modules/en/examples/quickstart/rpi-registration.adoc (134 chars)
  → Configure the .rpi-registration.yaml file to define how the system registers and communicates with external services during deployment
2026/09/28 15:53:22 COPIED from 1.10: /home/scribe/projects/work/cn-metadata/elemental-product-docs/docs/1.7/modules/en/examples/quickstart/seedimage-vm-tools.adoc (158 chars)
  → Configure the virtual machine tools by editing the YAML file to define the seed image settings and ensure proper deployment of the virtual machine environment
2026/09/28 15:53:22 COPIED from 1.10: /home/scribe/projects/work/cn-metadata/elemental-product-docs/docs/1.7/modules/en/examples/quickstart/seedimage.adoc (149 chars)
  → Configure the seed image using the YAML file to define settings and parameters that control how the system initializes and operates during deployment
2026/09/28 15:53:22 COPIED from 1.10: /home/scribe/projects/work/cn-metadata/elemental-product-docs/docs/1.7/modules/en/examples/quickstart/selector.adoc (134 chars)
  → Configure the .selector.yaml file to define how the system selects and processes data based on rules and conditions listed in the file
2026/09/28 15:53:22 COPIED from 1.10: /home/scribe/projects/work/cn-metadata/elemental-product-docs/docs/1.7/modules/en/examples/upgrade/managed-os-version-channel-custom.adoc (112 chars)
  → Configure the managed OS version channel custom settings by editing the .managed-os-version-channel-custom file.
2026/09/28 15:53:22 COPIED from 1.10: /home/scribe/projects/work/cn-metadata/elemental-product-docs/docs/1.7/modules/en/examples/upgrade/managed-os-version-channel-json.adoc (157 chars)
  → Configure the managed operating system version channel by editing the YAML file to specify the desired update settings and ensure the system stays up to date
2026/09/28 15:53:22 COPIED from 1.10: /home/scribe/projects/work/cn-metadata/elemental-product-docs/docs/1.7/modules/en/examples/upgrade/upgrade-cluster-target.adoc (153 chars)
  → Configure the cluster upgrade target using the upgrade-cluster-target.yaml file to define the desired version and settings for the cluster update process
2026/09/28 15:53:22 COPIED from 1.10: /home/scribe/projects/work/cn-metadata/elemental-product-docs/docs/1.7/modules/en/examples/upgrade/upgrade-force.adoc (163 chars)
  → Configure the upgrade-force.yaml file to define how the system handles forced upgrades by specifying rules and conditions that determine when and how updates occur
2026/09/28 15:53:22 COPIED from 1.10: /home/scribe/projects/work/cn-metadata/elemental-product-docs/docs/1.7/modules/en/examples/upgrade/upgrade-managedos-version.adoc (150 chars)
  → Configure your managed server to upgrade its operating system version using the provided YAML file to ensure the system runs the latest stable release
2026/09/28 15:53:22 COPIED from 1.10: /home/scribe/projects/work/cn-metadata/elemental-product-docs/docs/1.7/modules/en/examples/upgrade/upgrade-node-selector.adoc (109 chars)
  → Configure a node selector to control where Kubernetes pods run by editing the upgrade-node-selector.yaml file
2026/09/28 15:53:22 COPIED from 1.10: /home/scribe/projects/work/cn-metadata/elemental-product-docs/docs/1.7/modules/en/examples/upgrade/upgrade-recovery.adoc (143 chars)
  → Configure the upgrade recovery settings using the upgrade-recovery.yaml file to define how the system handles failures during an update process
2026/09/28 15:53:22 COPIED from 1.10: /home/scribe/projects/work/cn-metadata/elemental-product-docs/docs/1.7/modules/en/pages/index.adoc (131 chars)
  → Manage operating systems in a Kubernetes environment using Rancher with elemental-cli, elemental-operator, and rancher-system-agent
2026/09/28 15:53:22 COPIED from 1.10: /home/scribe/projects/work/cn-metadata/elemental-product-docs/docs/1.7/modules/en/pages/installation/custom-certificate.adoc (107 chars)
  → Copy a custom certificate file to the system trust directory to make it available for system-level services
2026/09/28 15:53:22 COPIED from 1.10: /home/scribe/projects/work/cn-metadata/elemental-product-docs/docs/1.7/modules/en/pages/installation/customize-installation/custom-install.adoc (116 chars)
  → Customize the OS Manager installation by adding cloud-config files to the installation media or the installed system
2026/09/28 15:53:22 COPIED from 1.10: /home/scribe/projects/work/cn-metadata/elemental-product-docs/docs/1.7/modules/en/pages/installation/customize-installation/extra-rpms.adoc (158 chars)
  → Add third party RPMs to an ISO image during installation by including them in a SeedImage resource with a cloud-config section that defines installation hooks
2026/09/28 15:53:22 COPIED from 1.10: /home/scribe/projects/work/cn-metadata/elemental-product-docs/docs/1.7/modules/en/pages/installation/customize-installation/lvm-drives-example.adoc (153 chars)
  → Add extra LVM volume group disks during installation using cloud-config steps to create and format logical volumes and include them in fstab at boot time
2026/09/28 15:53:22 COPIED from 1.10: /home/scribe/projects/work/cn-metadata/elemental-product-docs/docs/1.7/modules/en/pages/installation/hostname.adoc (151 chars)
  → Customize hostname by setting the machineName field in the MachineRegistration resource to define a unique and static hostname for each host during K8s
2026/09/28 15:53:22 COPIED from 1.10: /home/scribe/projects/work/cn-metadata/elemental-product-docs/docs/1.7/modules/en/pages/installation/installation.adoc (122 chars)
  → Install the SUSE Rancher Prime OS Manager Operator and prepare installation media to deploy and manage OS on cluster nodes
2026/09/28 15:53:22 COPIED from 1.10: /home/scribe/projects/work/cn-metadata/elemental-product-docs/docs/1.7/modules/en/pages/installation/ntp.adoc (135 chars)
  → Configure NTP servers for SUSE Rancher Prime OS Manager by creating a configuration file in the /etc/systemd/timesyncd.conf.d directory
2026/09/28 15:53:22 COPIED from 1.10: /home/scribe/projects/work/cn-metadata/elemental-product-docs/docs/1.7/modules/en/pages/installation/raspi-disk.adoc (117 chars)
  → Build a raw disk image for Raspberry Pi that can be written to an SD card and booted without other installation media
2026/09/28 15:53:22 COPIED from 1.10: /home/scribe/projects/work/cn-metadata/elemental-product-docs/docs/1.7/modules/en/pages/installation/removable-device-cloudconfig.adoc (101 chars)
  → Create a cloud-config file on a removable device and use it during early boot to configure the system
2026/09/28 15:53:22 COPIED from 1.10: /home/scribe/projects/work/cn-metadata/elemental-product-docs/docs/1.7/modules/en/pages/label-templates/label-templates-baseboard.adoc (121 chars)
  → Find out what information is collected in the BaseBoard template variables and how it defines system baseboard attributes
2026/09/28 15:53:22 COPIED from 1.10: /home/scribe/projects/work/cn-metadata/elemental-product-docs/docs/1.7/modules/en/pages/label-templates/label-templates-bios.adoc (154 chars)
  → Define BIOS template variables to specify details about the system's basic input/output system, including information that is part of the SMBIOS BIOS data
2026/09/28 15:53:22 COPIED from 1.10: /home/scribe/projects/work/cn-metadata/elemental-product-docs/docs/1.7/modules/en/pages/label-templates/label-templates-chassis.adoc (140 chars)
  → Define chassis template variables to specify details about the system's mechanical enclosure, such as type, manufacturer, and serial number.
2026/09/28 15:53:22 COPIED from 1.10: /home/scribe/projects/work/cn-metadata/elemental-product-docs/docs/1.7/modules/en/pages/label-templates/label-templates-cpu.adoc (114 chars)
  → Find information about CPU template variables that define processor attributes and how to reference them by number
2026/09/28 15:53:22 COPIED from 1.10: /home/scribe/projects/work/cn-metadata/elemental-product-docs/docs/1.7/modules/en/pages/label-templates/label-templates-deprecated.adoc (102 chars)
  → Find out which old Label Templates variables are no longer supported and see the new ones they replace
2026/09/28 15:53:22 COPIED from 1.10: /home/scribe/projects/work/cn-metadata/elemental-product-docs/docs/1.7/modules/en/pages/label-templates/label-templates-gpu.adoc (160 chars)
  → Define GPU template variables to collect information about installed graphics cards, allowing users to reference specific cards by number or use default values.
2026/09/28 15:53:22 COPIED from 1.10: /home/scribe/projects/work/cn-metadata/elemental-product-docs/docs/1.7/modules/en/pages/label-templates/label-templates-memory.adoc (149 chars)
  → Define memory template variables to describe the attributes of volatile memory available on the system, such as size, type, and configuration details
2026/09/28 15:53:22 COPIED from 1.10: /home/scribe/projects/work/cn-metadata/elemental-product-docs/docs/1.7/modules/en/pages/label-templates/label-templates-network.adoc (155 chars)
  → Find out how to use network template variables to access information about network interfaces, their addresses, and how they are tracked by number and name
2026/09/28 15:53:22 COPIED from 1.10: /home/scribe/projects/work/cn-metadata/elemental-product-docs/docs/1.7/modules/en/pages/label-templates/label-templates-product.adoc (154 chars)
  → Describe product template variables that represent system attributes based on SMBIOS System Information data type 1 and provide details about how they are
2026/09/28 15:53:22 COPIED from 1.10: /home/scribe/projects/work/cn-metadata/elemental-product-docs/docs/1.7/modules/en/pages/label-templates/label-templates-random.adoc (157 chars)
  → Use random template variables to generate unique values such as integers, hexadecimal codes, or UUIDs that can be inserted into custom label templates during
2026/09/28 15:53:22 COPIED from 1.10: /home/scribe/projects/work/cn-metadata/elemental-product-docs/docs/1.7/modules/en/pages/label-templates/label-templates-runtime.adoc (152 chars)
  → Runtime template variables collect information about the system configuration and help generate dynamic content based on current settings and conditions
2026/09/28 15:53:22 COPIED from 1.10: /home/scribe/projects/work/cn-metadata/elemental-product-docs/docs/1.7/modules/en/pages/label-templates/label-templates-storage.adoc (155 chars)
  → Define storage template variables to identify disk attributes by number and device name, allowing you to access disk information such as model using either
2026/09/28 15:53:22 COPIED from 1.10: /home/scribe/projects/work/cn-metadata/elemental-product-docs/docs/1.7/modules/en/pages/label-templates/label-templates.adoc (134 chars)
  → Create label templates to define labels and annotations for MachineInventory resources using predefined variables and formatting rules
2026/09/28 15:53:22 COPIED from 1.10: /home/scribe/projects/work/cn-metadata/elemental-product-docs/docs/1.7/modules/en/pages/node-operational-tasks/behind-proxy.adoc (166 chars)
  → Configure proxy settings for SUSE® Rancher Prime OS Manager deployment to allow communication through an HTTP(S) proxy in environments without direct Internet access
2026/09/28 15:53:22 COPIED from 1.10: /home/scribe/projects/work/cn-metadata/elemental-product-docs/docs/1.7/modules/en/pages/node-operational-tasks/rancher-vmware.adoc (112 chars)
  → Create a virtual machine in VMware with TPM support and use it to install and register Elemental OS with Rancher
2026/09/28 15:53:22 COPIED from 1.10: /home/scribe/projects/work/cn-metadata/elemental-product-docs/docs/1.7/modules/en/pages/node-operational-tasks/reset.adoc (104 chars)
  → Reset a machine by deleting its node or cluster to apply configuration changes and clear persistent data
2026/09/28 15:53:22 COPIED from 1.10: /home/scribe/projects/work/cn-metadata/elemental-product-docs/docs/1.7/modules/en/pages/node-operational-tasks/upgrade.adoc (120 chars)
  → Upgrade components in SUSE Rancher Prime OS Manager using Kubernetes methods through the operator with CLI or UI options
2026/09/28 15:53:22 COPIED from 1.10: /home/scribe/projects/work/cn-metadata/elemental-product-docs/docs/1.7/modules/en/pages/operator-operational-tasks/airgap.adoc (137 chars)
  → Install SUSE Rancher Prime OS Manager in an air-gapped environment by running the elemental-airgap.sh script and using a private registry
2026/09/28 15:53:22 COPIED from 1.10: /home/scribe/projects/work/cn-metadata/elemental-product-docs/docs/1.7/modules/en/pages/operator-operational-tasks/backup.adoc (132 chars)
  → Backup SUSE® Rancher Prime OS Manager resources using the rancher-backup operator and verify the backup file on a Persistent Volume
2026/09/28 15:53:22 COPIED from 1.10: /home/scribe/projects/work/cn-metadata/elemental-product-docs/docs/1.7/modules/en/pages/operator-operational-tasks/certificate-authority.adoc (107 chars)
  → Verify the Certificate Authority configuration to ensure proper communication between the agent and Rancher
2026/09/28 15:53:22 COPIED from 1.10: /home/scribe/projects/work/cn-metadata/elemental-product-docs/docs/1.7/modules/en/pages/operator-operational-tasks/channels.adoc (166 chars)
  → Manage channels to automatically update or build new versions of the operating system by selecting from available channels that provide a list of managed OS packages.
2026/09/28 15:53:22 COPIED from 1.10: /home/scribe/projects/work/cn-metadata/elemental-product-docs/docs/1.7/modules/en/pages/operator-operational-tasks/custom-images.adoc (129 chars)
  → Build and use custom OS images by creating a Dockerfile, building a container image, and adding it as a ManagedOSVersion resource
2026/09/28 15:53:22 COPIED from 1.10: /home/scribe/projects/work/cn-metadata/elemental-product-docs/docs/1.7/modules/en/pages/operator-operational-tasks/declarative-networking/networking-static.adoc (129 chars)
  → Create a static network configuration for individual machines using nm-configurator and include it in a custom Elemental OS image
2026/09/28 15:53:22 COPIED from 1.10: /home/scribe/projects/work/cn-metadata/elemental-product-docs/docs/1.7/modules/en/pages/operator-operational-tasks/declarative-networking/networking.adoc (126 chars)
  → Configure network settings for machines using the OS Manager by defining IP pools and network templates in MachineRegistration
2026/09/28 15:53:22 COPIED from 1.10: /home/scribe/projects/work/cn-metadata/elemental-product-docs/docs/1.7/modules/en/pages/operator-operational-tasks/rancher-ip.adoc (161 chars)
  → Configure K3s and RKE2 internal and external IP addresses by specifying node IP parameters and using network interface labels during Rancher Cluster provisioning
2026/09/28 15:53:22 COPIED from 1.10: /home/scribe/projects/work/cn-metadata/elemental-product-docs/docs/1.7/modules/en/pages/operator-operational-tasks/restore.adoc (104 chars)
  → Restore a SUSE Rancher Prime OS Manager configuration using the rancher-backup operator and backup files
2026/09/28 15:53:22 COPIED from 1.10: /home/scribe/projects/work/cn-metadata/elemental-product-docs/docs/1.7/modules/en/pages/operator-operational-tasks/tpm.adoc (143 chars)
  → Add a TPM module to a virtual machine by using Libvirt with Virt-manager to configure hardware settings and select the TPM module from the list
2026/09/28 15:53:22 COPIED from 1.10: /home/scribe/projects/work/cn-metadata/elemental-product-docs/docs/1.7/modules/en/pages/operator-operational-tasks/unmanaged-os.adoc (132 chars)
  → Register an unmanaged operating system by using the elemental-register tool to create a MachineInventory with elemental.cattle.io/os
2026/09/28 15:53:22 COPIED from 1.10: /home/scribe/projects/work/cn-metadata/elemental-product-docs/docs/1.7/modules/en/pages/quickstarts/quickstart-cli.adoc (155 chars)
  → Use the SUSE® Rancher Prime OS Manager ISO to automatically deploy and manage a Kubernetes cluster with rke2 or k3s through command-line tools by creating
2026/09/28 15:53:22 COPIED from 1.10: /home/scribe/projects/work/cn-metadata/elemental-product-docs/docs/1.7/modules/en/pages/quickstarts/quickstart-ui.adoc (117 chars)
  → Install the SUSE® Rancher Prime OS Manager plugin and operator to manage and provision clusters based on RKE2 or K3s
2026/09/28 15:53:22 COPIED from 1.10: /home/scribe/projects/work/cn-metadata/elemental-product-docs/docs/1.7/modules/en/pages/rancher-os-management/architecture/architecture-components.adoc (156 chars)
  → Describe the architecture components that make up the system by explaining the roles of the command line tool, daemon, and other elements that work together
2026/09/28 15:53:22 COPIED from 1.10: /home/scribe/projects/work/cn-metadata/elemental-product-docs/docs/1.7/modules/en/pages/rancher-os-management/architecture/architecture.adoc (105 chars)
  → Learn about the components and how they work together in the SUSE® Rancher Prime OS Manager architecture
2026/09/28 15:53:22 COPIED from 1.10: /home/scribe/projects/work/cn-metadata/elemental-product-docs/docs/1.7/modules/en/pages/rancher-os-management/architecture/custom-resources.adoc (104 chars)
  → Create custom resources to manage OS Manager nodes by using Kubernetes CRDs from the OS Manager Operator
2026/09/28 15:53:22 COPIED from 1.10: /home/scribe/projects/work/cn-metadata/elemental-product-docs/docs/1.7/modules/en/pages/rancher-os-management/architecture/services/architecture-clusterdeployment.adoc (151 chars)
  → Provision a Kubernetes cluster by creating a MachineInventorySelectorTemplate and defining a Rancher cluster with machinePools referencing the template
2026/09/28 15:53:22 COPIED from 1.10: /home/scribe/projects/work/cn-metadata/elemental-product-docs/docs/1.7/modules/en/pages/rancher-os-management/architecture/services/architecture-machineonboarding.adoc (132 chars)
  → Register a new machine and apply its configuration by creating a MachineRegistration resource and using a SeedImage to boot the host
2026/09/28 15:53:22 COPIED from 1.10: /home/scribe/projects/work/cn-metadata/elemental-product-docs/docs/1.7/modules/en/pages/rancher-os-management/architecture/services/architecture-services.adoc (113 chars)
  → Find the services that support OS provisioning and Kubernetes cluster deployment in SUSE Rancher Prime OS Manager
2026/09/28 15:53:22 COPIED from 1.10: /home/scribe/projects/work/cn-metadata/elemental-product-docs/docs/1.7/modules/en/pages/rancher-os-management/authentication.adoc (135 chars)
  → Configure authentication methods for machines registering to the OS Manager Operator using TPM attestation, MAC address, or SMBIOS UUID
2026/09/28 15:53:22 COPIED from 1.10: /home/scribe/projects/work/cn-metadata/elemental-product-docs/docs/1.7/modules/en/pages/rancher-os-management/plans.adoc (143 chars)
  → Use SUSE® Rancher Prime OS Manager plans to configure nodes with one-time or periodic instructions, files, or HTTP probes during initial setup
2026/09/28 15:53:22 COPIED from 1.10: /home/scribe/projects/work/cn-metadata/elemental-product-docs/docs/1.7/modules/en/pages/rancher-os-management/upgrade-lifecycle.adoc (115 chars)
  → Understand how to manage and verify upgrades using the Fleet and System Upgrade Controller in the Upgrade Lifecycle
2026/09/28 15:53:22 COPIED from 1.10: /home/scribe/projects/work/cn-metadata/elemental-product-docs/docs/1.7/modules/en/pages/references/cloud-config-reference.adoc (108 chars)
  → Learn how to use cloud-config files to configure system settings during different stages of the boot process
2026/09/28 15:53:22 COPIED from 1.10: /home/scribe/projects/work/cn-metadata/elemental-product-docs/docs/1.7/modules/en/pages/references/cluster-reference.adoc (117 chars)
  → Create a cluster by defining a kubernetesVersion and specifying machinePools with roles, quantity, and configurations
2026/09/28 15:53:22 COPIED from 1.10: /home/scribe/projects/work/cn-metadata/elemental-product-docs/docs/1.7/modules/en/pages/references/inventory-management.adoc (124 chars)
  → Manage machine inventory by tracking configurations, clusters, and system annotations automatically updated every 30 minutes
2026/09/28 15:53:22 COPIED from 1.10: /home/scribe/projects/work/cn-metadata/elemental-product-docs/docs/1.7/modules/en/pages/references/kubernetesversions.adoc (100 chars)
  → Find valid versions for the kubernetesVersion field using Rancher metadata and the provided commands
2026/09/28 15:53:22 COPIED from 1.10: /home/scribe/projects/work/cn-metadata/elemental-product-docs/docs/1.7/modules/en/pages/references/machineinventory-reference.adoc (154 chars)
  → Create a MachineInventory resource to track a registered host, store its TPM hash, and run commands on it with conditions that show when it is ready to be
2026/09/28 15:53:22 COPIED from 1.10: /home/scribe/projects/work/cn-metadata/elemental-product-docs/docs/1.7/modules/en/pages/references/machineinventoryselector-reference.adoc (119 chars)
  → Use a MachineInventorySelector to select MachineInventories based on applied selectors and track their readiness status
2026/09/28 15:53:22 COPIED from 1.10: /home/scribe/projects/work/cn-metadata/elemental-product-docs/docs/1.7/modules/en/pages/references/machineinventoryselectortemplate-reference.adoc (130 chars)
  → Create a MachineInventorySelectorTemplate to define how to match inventoried machines with Cluster resources using label selectors
2026/09/28 15:53:22 COPIED from 1.10: /home/scribe/projects/work/cn-metadata/elemental-product-docs/docs/1.7/modules/en/pages/references/machineregistration-reference.adoc (146 chars)
  → Create a MachineRegistration resource to generate a registration URL and configure settings for nodes to register and start the onboarding process
2026/09/28 15:53:22 COPIED from 1.10: /home/scribe/projects/work/cn-metadata/elemental-product-docs/docs/1.7/modules/en/pages/references/managedosimage-reference.adoc (152 chars)
  → Create a ManagedOSImage resource to define an OS image or version that is applied to nodes in targeted clusters and update it to trigger upgrades change
2026/09/28 15:53:22 COPIED from 1.10: /home/scribe/projects/work/cn-metadata/elemental-product-docs/docs/1.7/modules/en/pages/references/managedosversion-reference.adoc (116 chars)
  → Define a ManagedOSVersion resource to specify an OS image version for use with SeedImage or ManagedOSImage resources
2026/09/28 15:53:22 COPIED from 1.10: /home/scribe/projects/work/cn-metadata/elemental-product-docs/docs/1.7/modules/en/pages/references/managedosversionchannel-reference.adoc (149 chars)
  → Configure a ManagedOSVersionChannel resource to define an OS image channel and specify upgrade container settings for System Upgrade Controller plans
2026/09/28 15:53:22 COPIED from 1.10: /home/scribe/projects/work/cn-metadata/elemental-product-docs/docs/1.7/modules/en/pages/references/operatorchart-reference.adoc (119 chars)
  → Install the OS Manager Operator Helm chart to deploy and manage OS Manager on a Rancher Manager v2.6 cluster using Helm
2026/09/28 15:53:22 COPIED from 1.10: /home/scribe/projects/work/cn-metadata/elemental-product-docs/docs/1.7/modules/en/pages/references/seedimage-reference.adoc (126 chars)
  → Create a SeedImage to build installation media for SUSE Rancher Prime OS Manager using a base image and registration reference
2026/09/28 15:53:22 COPIED from 1.10: /home/scribe/projects/work/cn-metadata/elemental-product-docs/docs/1.7/modules/en/pages/release-notes.adoc (154 chars)
  → Find information about the latest versions, installation, upgrade steps, and known issues for the SUSE® Rancher Prime OS Manager project stack components
2026/09/28 15:53:22 COPIED from 1.10: /home/scribe/projects/work/cn-metadata/elemental-product-docs/docs/1.7/modules/en/pages/troubleshooting/troubleshooting-label-templates.adoc (146 chars)
  → Use the dumpdata command with the elemental-register binary to view available Label Templates and their values in the console for troubleshooting.
2026/09/28 15:53:22 COPIED from 1.10: /home/scribe/projects/work/cn-metadata/elemental-product-docs/docs/1.7/modules/en/pages/troubleshooting/troubleshooting-network.adoc (157 chars)
  → Troubleshoot issues with declarative networking by understanding how Elemental Machines register, claim IP addresses, and apply network configurations during
2026/09/28 15:53:22 COPIED from 1.10: /home/scribe/projects/work/cn-metadata/elemental-product-docs/docs/1.7/modules/en/pages/troubleshooting/troubleshooting-rancher-upgrades.adoc (126 chars)
  → Fix the upgrade issue by creating an empty dynamicschemas.management.cattle.io resource named machineinventoryselectortemplate
2026/09/28 15:53:22 COPIED from 1.10: /home/scribe/projects/work/cn-metadata/elemental-product-docs/docs/1.7/modules/en/pages/troubleshooting/troubleshooting-reset.adoc (119 chars)
  → Investigate why a MachineInventory has not been deleted by examining its annotation, finalizer, and related plan Secret
2026/09/28 15:53:22 COPIED from 1.10: /home/scribe/projects/work/cn-metadata/elemental-product-docs/docs/1.7/modules/en/pages/troubleshooting/troubleshooting-restore.adoc (156 chars)
  → Troubleshooting restore requires copying the rancher2connectioninfo.json file from the elemental node to a location accessible through the Rancher UI before
2026/09/28 15:53:22 COPIED from 1.10: /home/scribe/projects/work/cn-metadata/elemental-product-docs/docs/1.7/modules/en/pages/troubleshooting/troubleshooting-support.adoc (146 chars)
  → Run elemental-support to collect logs and configuration files from a SUSE® Rancher Prime OS Manager node for troubleshooting and debugging issues
2026/09/28 15:53:22 COPIED from 1.10: /home/scribe/projects/work/cn-metadata/elemental-product-docs/docs/1.7/modules/en/pages/troubleshooting/troubleshooting-upgrade.adoc (157 chars)
  → Troubleshoot upgrade problems by checking the status of the ManagedOSImage, Bundle, and related upgrade Plan to find out why the upgrade might not be working
2026/09/28 15:53:22 COPIED from 1.10: /home/scribe/projects/work/cn-metadata/elemental-product-docs/docs/1.7/modules/en/pages/troubleshooting/troubleshooting-verification.adoc (114 chars)
  → Troubleshoot Elemental issues by identifying the phase and checking resources, logs, and configurations for errors
2026/09/28 15:53:22 COPIED from 1.10: /home/scribe/projects/work/cn-metadata/elemental-product-docs/docs/1.8/modules/en/examples/authentication/registration-emulate-tpm.adoc (157 chars)
  → Configure a machine registration process using TPM emulation to securely enroll devices in a network without requiring hardware-based TPM modules by defining
2026/09/28 15:53:22 COPIED from 1.10: /home/scribe/projects/work/cn-metadata/elemental-product-docs/docs/1.8/modules/en/examples/authentication/registration-mac.adoc (156 chars)
  → Register a machine using its MAC address as the unique identifier in a YAML configuration file to define how the system recognizes and associates the device
2026/09/28 15:53:22 COPIED from 1.10: /home/scribe/projects/work/cn-metadata/elemental-product-docs/docs/1.8/modules/en/examples/authentication/registration-sys-uuid.adoc (159 chars)
  → Register a machine by using the UUID from the SMBIOS System Information table to uniquely identify the machine in the example MachineRegistration configuration
2026/09/28 15:53:22 COPIED from 1.10: /home/scribe/projects/work/cn-metadata/elemental-product-docs/docs/1.8/modules/en/examples/clusters/clusters-several-machinepools.adoc (157 chars)
  → Configure a cluster with multiple machine pools to manage different workloads and resources efficiently by defining each pool's specifications in a YAML file
2026/09/28 15:53:22 COPIED from 1.10: /home/scribe/projects/work/cn-metadata/elemental-product-docs/docs/1.8/modules/en/examples/labeltemplates/registration.adoc (121 chars)
  → Configure the registration settings by editing the YAML file to define how users are registered and managed in the system
2026/09/28 15:53:22 COPIED from 1.10: /home/scribe/projects/work/cn-metadata/elemental-product-docs/docs/1.8/modules/en/examples/network/machineregistration-nmc.adoc (132 chars)
  → Configure a machine registration using the nmc configurator by editing a YAML file to define settings and parameters for the machine
2026/09/28 15:53:22 COPIED from 1.10: /home/scribe/projects/work/cn-metadata/elemental-product-docs/docs/1.8/modules/en/examples/network/machineregistration-nmconnections.adoc (136 chars)
  → Configure the system to manage data using the specified format and ensure all settings match the required structure for proper operation
2026/09/28 15:53:22 COPIED from 1.10: /home/scribe/projects/work/cn-metadata/elemental-product-docs/docs/1.8/modules/en/examples/network/machineregistration-nmstate.adoc (156 chars)
  → Configure a machine registration using the nmstate configurator by defining network settings in a YAML file to apply the desired configuration to the system
2026/09/28 15:53:22 COPIED from 1.10: /home/scribe/projects/work/cn-metadata/elemental-product-docs/docs/1.8/modules/en/examples/network/machineregistration.adoc (144 chars)
  → Configure a machine registration process with declarative networking by defining rules and settings in a YAML file to control device connections
2026/09/28 15:53:22 COPIED from 1.10: /home/scribe/projects/work/cn-metadata/elemental-product-docs/docs/1.8/modules/en/examples/network/yip-nmc-static-config.adoc (114 chars)
  → Configure the static network settings using the provided YAML file to define the network parameters for the system
2026/09/28 15:53:22 COPIED from 1.10: /home/scribe/projects/work/cn-metadata/elemental-product-docs/docs/1.8/modules/en/examples/proxy/cluster-proxy.adoc (136 chars)
  → Configure the server settings using the provided YAML format to define how the system processes incoming requests and manages data flows
2026/09/28 15:53:22 Loaded 29 attributes from /home/scribe/projects/work/cn-metadata/elemental-product-docs/docs/1.8/antora.yml
2026/09/28 15:53:23 ADDED: /home/scribe/projects/work/cn-metadata/elemental-product-docs/docs/1.8/modules/en/examples/proxy/registration-proxy.adoc (147 chars)
  → Configure the system by editing the YAML file to define settings, specify parameters, and organize data in a structured format the application uses
2026/09/28 15:53:23 COPIED from 1.10: /home/scribe/projects/work/cn-metadata/elemental-product-docs/docs/1.8/modules/en/examples/proxy/seedimage-proxy.adoc (166 chars)
  → Configure the server settings using the provided YAML format to define how the system processes incoming requests and manages data flow between the client and server.
2026/09/28 15:53:23 COPIED from 1.10: /home/scribe/projects/work/cn-metadata/elemental-product-docs/docs/1.8/modules/en/examples/quickstart/cluster.adoc (131 chars)
  → Create and edit a cluster configuration file using the cluster.yaml format to define the setup and settings for your system cluster
2026/09/28 15:53:23 COPIED from 1.10: /home/scribe/projects/work/cn-metadata/elemental-product-docs/docs/1.8/modules/en/examples/quickstart/registration-hardware-dhcphostname.adoc (145 chars)
  → See how to create and manage user accounts by following the steps in this example which shows you how to set up a new registration using a simple
2026/09/28 15:53:23 COPIED from 1.10: /home/scribe/projects/work/cn-metadata/elemental-product-docs/docs/1.8/modules/en/examples/quickstart/registration-random-hostname.adoc (135 chars)
  → Create a registration form by using example random template variables in YAML format to define fields and structure data for user input
2026/09/28 15:53:23 COPIED from 1.10: /home/scribe/projects/work/cn-metadata/elemental-product-docs/docs/1.8/modules/en/examples/quickstart/registration-tpm.adoc (147 chars)
  → Configure the registration settings for the trusted platform module by editing the YAML file to define how devices enroll and authenticate securely
2026/09/28 15:53:23 COPIED from 1.10: /home/scribe/projects/work/cn-metadata/elemental-product-docs/docs/1.8/modules/en/examples/quickstart/registration.adoc (151 chars)
  → Configure the register settings by editing the YAML file to define the structure and parameters of the system components that will be registered during
2026/09/28 15:53:23 COPIED from 1.10: /home/scribe/projects/work/cn-metadata/elemental-product-docs/docs/1.8/modules/en/examples/quickstart/rpi-registration.adoc (134 chars)
  → Configure the .rpi-registration.yaml file to define how the system registers and communicates with external services during deployment
2026/09/28 15:53:23 COPIED from 1.10: /home/scribe/projects/work/cn-metadata/elemental-product-docs/docs/1.8/modules/en/examples/quickstart/seedimage-vm-tools.adoc (158 chars)
  → Configure the virtual machine tools by editing the YAML file to define the seed image settings and ensure proper deployment of the virtual machine environment
2026/09/28 15:53:23 COPIED from 1.10: /home/scribe/projects/work/cn-metadata/elemental-product-docs/docs/1.8/modules/en/examples/quickstart/seedimage.adoc (149 chars)
  → Configure the seed image using the YAML file to define settings and parameters that control how the system initializes and operates during deployment
2026/09/28 15:53:23 COPIED from 1.10: /home/scribe/projects/work/cn-metadata/elemental-product-docs/docs/1.8/modules/en/examples/quickstart/selector.adoc (134 chars)
  → Configure the .selector.yaml file to define how the system selects and processes data based on rules and conditions listed in the file
2026/09/28 15:53:23 COPIED from 1.10: /home/scribe/projects/work/cn-metadata/elemental-product-docs/docs/1.8/modules/en/examples/upgrade/managed-os-version-channel-custom.adoc (112 chars)
  → Configure the managed OS version channel custom settings by editing the .managed-os-version-channel-custom file.
2026/09/28 15:53:23 COPIED from 1.10: /home/scribe/projects/work/cn-metadata/elemental-product-docs/docs/1.8/modules/en/examples/upgrade/managed-os-version-channel-json.adoc (157 chars)
  → Configure the managed operating system version channel by editing the YAML file to specify the desired update settings and ensure the system stays up to date
2026/09/28 15:53:23 COPIED from 1.10: /home/scribe/projects/work/cn-metadata/elemental-product-docs/docs/1.8/modules/en/examples/upgrade/upgrade-cluster-target.adoc (153 chars)
  → Configure the cluster upgrade target using the upgrade-cluster-target.yaml file to define the desired version and settings for the cluster update process
2026/09/28 15:53:23 COPIED from 1.10: /home/scribe/projects/work/cn-metadata/elemental-product-docs/docs/1.8/modules/en/examples/upgrade/upgrade-force.adoc (163 chars)
  → Configure the upgrade-force.yaml file to define how the system handles forced upgrades by specifying rules and conditions that determine when and how updates occur
2026/09/28 15:53:23 COPIED from 1.10: /home/scribe/projects/work/cn-metadata/elemental-product-docs/docs/1.8/modules/en/examples/upgrade/upgrade-managedos-version.adoc (150 chars)
  → Configure your managed server to upgrade its operating system version using the provided YAML file to ensure the system runs the latest stable release
2026/09/28 15:53:23 COPIED from 1.10: /home/scribe/projects/work/cn-metadata/elemental-product-docs/docs/1.8/modules/en/examples/upgrade/upgrade-node-selector.adoc (109 chars)
  → Configure a node selector to control where Kubernetes pods run by editing the upgrade-node-selector.yaml file
2026/09/28 15:53:23 COPIED from 1.10: /home/scribe/projects/work/cn-metadata/elemental-product-docs/docs/1.8/modules/en/examples/upgrade/upgrade-recovery.adoc (143 chars)
  → Configure the upgrade recovery settings using the upgrade-recovery.yaml file to define how the system handles failures during an update process
2026/09/28 15:53:23 COPIED from 1.10: /home/scribe/projects/work/cn-metadata/elemental-product-docs/docs/1.8/modules/en/pages/index.adoc (131 chars)
  → Manage operating systems in a Kubernetes environment using Rancher with elemental-cli, elemental-operator, and rancher-system-agent
2026/09/28 15:53:23 COPIED from 1.10: /home/scribe/projects/work/cn-metadata/elemental-product-docs/docs/1.8/modules/en/pages/installation/custom-certificate.adoc (107 chars)
  → Copy a custom certificate file to the system trust directory to make it available for system-level services
2026/09/28 15:53:23 COPIED from 1.10: /home/scribe/projects/work/cn-metadata/elemental-product-docs/docs/1.8/modules/en/pages/installation/customize-installation/custom-install.adoc (116 chars)
  → Customize the OS Manager installation by adding cloud-config files to the installation media or the installed system
2026/09/28 15:53:23 COPIED from 1.10: /home/scribe/projects/work/cn-metadata/elemental-product-docs/docs/1.8/modules/en/pages/installation/customize-installation/extra-rpms.adoc (158 chars)
  → Add third party RPMs to an ISO image during installation by including them in a SeedImage resource with a cloud-config section that defines installation hooks
2026/09/28 15:53:23 COPIED from 1.10: /home/scribe/projects/work/cn-metadata/elemental-product-docs/docs/1.8/modules/en/pages/installation/customize-installation/lvm-drives-example.adoc (153 chars)
  → Add extra LVM volume group disks during installation using cloud-config steps to create and format logical volumes and include them in fstab at boot time
2026/09/28 15:53:23 COPIED from 1.10: /home/scribe/projects/work/cn-metadata/elemental-product-docs/docs/1.8/modules/en/pages/installation/hostname.adoc (151 chars)
  → Customize hostname by setting the machineName field in the MachineRegistration resource to define a unique and static hostname for each host during K8s
2026/09/28 15:53:23 COPIED from 1.10: /home/scribe/projects/work/cn-metadata/elemental-product-docs/docs/1.8/modules/en/pages/installation/installation.adoc (122 chars)
  → Install the SUSE Rancher Prime OS Manager Operator and prepare installation media to deploy and manage OS on cluster nodes
2026/09/28 15:53:23 COPIED from 1.10: /home/scribe/projects/work/cn-metadata/elemental-product-docs/docs/1.8/modules/en/pages/installation/ntp.adoc (135 chars)
  → Configure NTP servers for SUSE Rancher Prime OS Manager by creating a configuration file in the /etc/systemd/timesyncd.conf.d directory
2026/09/28 15:53:23 COPIED from 1.10: /home/scribe/projects/work/cn-metadata/elemental-product-docs/docs/1.8/modules/en/pages/installation/raspi-disk.adoc (117 chars)
  → Build a raw disk image for Raspberry Pi that can be written to an SD card and booted without other installation media
2026/09/28 15:53:23 COPIED from 1.10: /home/scribe/projects/work/cn-metadata/elemental-product-docs/docs/1.8/modules/en/pages/installation/removable-device-cloudconfig.adoc (101 chars)
  → Create a cloud-config file on a removable device and use it during early boot to configure the system
2026/09/28 15:53:23 COPIED from 1.10: /home/scribe/projects/work/cn-metadata/elemental-product-docs/docs/1.8/modules/en/pages/label-templates/label-templates-baseboard.adoc (121 chars)
  → Find out what information is collected in the BaseBoard template variables and how it defines system baseboard attributes
2026/09/28 15:53:23 COPIED from 1.10: /home/scribe/projects/work/cn-metadata/elemental-product-docs/docs/1.8/modules/en/pages/label-templates/label-templates-bios.adoc (154 chars)
  → Define BIOS template variables to specify details about the system's basic input/output system, including information that is part of the SMBIOS BIOS data
2026/09/28 15:53:23 COPIED from 1.10: /home/scribe/projects/work/cn-metadata/elemental-product-docs/docs/1.8/modules/en/pages/label-templates/label-templates-chassis.adoc (140 chars)
  → Define chassis template variables to specify details about the system's mechanical enclosure, such as type, manufacturer, and serial number.
2026/09/28 15:53:23 COPIED from 1.10: /home/scribe/projects/work/cn-metadata/elemental-product-docs/docs/1.8/modules/en/pages/label-templates/label-templates-cpu.adoc (114 chars)
  → Find information about CPU template variables that define processor attributes and how to reference them by number
2026/09/28 15:53:23 COPIED from 1.10: /home/scribe/projects/work/cn-metadata/elemental-product-docs/docs/1.8/modules/en/pages/label-templates/label-templates-deprecated.adoc (102 chars)
  → Find out which old Label Templates variables are no longer supported and see the new ones they replace
2026/09/28 15:53:23 COPIED from 1.10: /home/scribe/projects/work/cn-metadata/elemental-product-docs/docs/1.8/modules/en/pages/label-templates/label-templates-gpu.adoc (160 chars)
  → Define GPU template variables to collect information about installed graphics cards, allowing users to reference specific cards by number or use default values.
2026/09/28 15:53:23 COPIED from 1.10: /home/scribe/projects/work/cn-metadata/elemental-product-docs/docs/1.8/modules/en/pages/label-templates/label-templates-memory.adoc (149 chars)
  → Define memory template variables to describe the attributes of volatile memory available on the system, such as size, type, and configuration details
2026/09/28 15:53:23 COPIED from 1.10: /home/scribe/projects/work/cn-metadata/elemental-product-docs/docs/1.8/modules/en/pages/label-templates/label-templates-network.adoc (155 chars)
  → Find out how to use network template variables to access information about network interfaces, their addresses, and how they are tracked by number and name
2026/09/28 15:53:23 COPIED from 1.10: /home/scribe/projects/work/cn-metadata/elemental-product-docs/docs/1.8/modules/en/pages/label-templates/label-templates-product.adoc (154 chars)
  → Describe product template variables that represent system attributes based on SMBIOS System Information data type 1 and provide details about how they are
2026/09/28 15:53:23 COPIED from 1.10: /home/scribe/projects/work/cn-metadata/elemental-product-docs/docs/1.8/modules/en/pages/label-templates/label-templates-random.adoc (157 chars)
  → Use random template variables to generate unique values such as integers, hexadecimal codes, or UUIDs that can be inserted into custom label templates during
2026/09/28 15:53:23 COPIED from 1.10: /home/scribe/projects/work/cn-metadata/elemental-product-docs/docs/1.8/modules/en/pages/label-templates/label-templates-runtime.adoc (152 chars)
  → Runtime template variables collect information about the system configuration and help generate dynamic content based on current settings and conditions
2026/09/28 15:53:23 COPIED from 1.10: /home/scribe/projects/work/cn-metadata/elemental-product-docs/docs/1.8/modules/en/pages/label-templates/label-templates-storage.adoc (155 chars)
  → Define storage template variables to identify disk attributes by number and device name, allowing you to access disk information such as model using either
2026/09/28 15:53:23 COPIED from 1.10: /home/scribe/projects/work/cn-metadata/elemental-product-docs/docs/1.8/modules/en/pages/label-templates/label-templates.adoc (134 chars)
  → Create label templates to define labels and annotations for MachineInventory resources using predefined variables and formatting rules
2026/09/28 15:53:23 COPIED from 1.10: /home/scribe/projects/work/cn-metadata/elemental-product-docs/docs/1.8/modules/en/pages/node-operational-tasks/behind-proxy.adoc (166 chars)
  → Configure proxy settings for SUSE® Rancher Prime OS Manager deployment to allow communication through an HTTP(S) proxy in environments without direct Internet access
2026/09/28 15:53:23 COPIED from 1.10: /home/scribe/projects/work/cn-metadata/elemental-product-docs/docs/1.8/modules/en/pages/node-operational-tasks/rancher-vmware.adoc (112 chars)
  → Create a virtual machine in VMware with TPM support and use it to install and register Elemental OS with Rancher
2026/09/28 15:53:23 COPIED from 1.10: /home/scribe/projects/work/cn-metadata/elemental-product-docs/docs/1.8/modules/en/pages/node-operational-tasks/reset.adoc (104 chars)
  → Reset a machine by deleting its node or cluster to apply configuration changes and clear persistent data
2026/09/28 15:53:23 COPIED from 1.10: /home/scribe/projects/work/cn-metadata/elemental-product-docs/docs/1.8/modules/en/pages/node-operational-tasks/upgrade.adoc (120 chars)
  → Upgrade components in SUSE Rancher Prime OS Manager using Kubernetes methods through the operator with CLI or UI options
2026/09/28 15:53:23 COPIED from 1.10: /home/scribe/projects/work/cn-metadata/elemental-product-docs/docs/1.8/modules/en/pages/operator-operational-tasks/airgap.adoc (137 chars)
  → Install SUSE Rancher Prime OS Manager in an air-gapped environment by running the elemental-airgap.sh script and using a private registry
2026/09/28 15:53:23 COPIED from 1.10: /home/scribe/projects/work/cn-metadata/elemental-product-docs/docs/1.8/modules/en/pages/operator-operational-tasks/backup.adoc (132 chars)
  → Backup SUSE® Rancher Prime OS Manager resources using the rancher-backup operator and verify the backup file on a Persistent Volume
2026/09/28 15:53:23 COPIED from 1.10: /home/scribe/projects/work/cn-metadata/elemental-product-docs/docs/1.8/modules/en/pages/operator-operational-tasks/certificate-authority.adoc (107 chars)
  → Verify the Certificate Authority configuration to ensure proper communication between the agent and Rancher
2026/09/28 15:53:23 COPIED from 1.10: /home/scribe/projects/work/cn-metadata/elemental-product-docs/docs/1.8/modules/en/pages/operator-operational-tasks/channels.adoc (166 chars)
  → Manage channels to automatically update or build new versions of the operating system by selecting from available channels that provide a list of managed OS packages.
2026/09/28 15:53:23 COPIED from 1.10: /home/scribe/projects/work/cn-metadata/elemental-product-docs/docs/1.8/modules/en/pages/operator-operational-tasks/custom-images.adoc (129 chars)
  → Build and use custom OS images by creating a Dockerfile, building a container image, and adding it as a ManagedOSVersion resource
2026/09/28 15:53:23 COPIED from 1.10: /home/scribe/projects/work/cn-metadata/elemental-product-docs/docs/1.8/modules/en/pages/operator-operational-tasks/declarative-networking/networking-static.adoc (129 chars)
  → Create a static network configuration for individual machines using nm-configurator and include it in a custom Elemental OS image
2026/09/28 15:53:23 COPIED from 1.10: /home/scribe/projects/work/cn-metadata/elemental-product-docs/docs/1.8/modules/en/pages/operator-operational-tasks/declarative-networking/networking.adoc (126 chars)
  → Configure network settings for machines using the OS Manager by defining IP pools and network templates in MachineRegistration
2026/09/28 15:53:23 COPIED from 1.10: /home/scribe/projects/work/cn-metadata/elemental-product-docs/docs/1.8/modules/en/pages/operator-operational-tasks/rancher-ip.adoc (161 chars)
  → Configure K3s and RKE2 internal and external IP addresses by specifying node IP parameters and using network interface labels during Rancher Cluster provisioning
2026/09/28 15:53:23 COPIED from 1.10: /home/scribe/projects/work/cn-metadata/elemental-product-docs/docs/1.8/modules/en/pages/operator-operational-tasks/restore.adoc (104 chars)
  → Restore a SUSE Rancher Prime OS Manager configuration using the rancher-backup operator and backup files
2026/09/28 15:53:23 COPIED from 1.10: /home/scribe/projects/work/cn-metadata/elemental-product-docs/docs/1.8/modules/en/pages/operator-operational-tasks/tpm.adoc (143 chars)
  → Add a TPM module to a virtual machine by using Libvirt with Virt-manager to configure hardware settings and select the TPM module from the list
2026/09/28 15:53:23 COPIED from 1.10: /home/scribe/projects/work/cn-metadata/elemental-product-docs/docs/1.8/modules/en/pages/operator-operational-tasks/unmanaged-os.adoc (132 chars)
  → Register an unmanaged operating system by using the elemental-register tool to create a MachineInventory with elemental.cattle.io/os
2026/09/28 15:53:23 COPIED from 1.10: /home/scribe/projects/work/cn-metadata/elemental-product-docs/docs/1.8/modules/en/pages/quickstarts/quickstart-cli.adoc (155 chars)
  → Use the SUSE® Rancher Prime OS Manager ISO to automatically deploy and manage a Kubernetes cluster with rke2 or k3s through command-line tools by creating
2026/09/28 15:53:23 COPIED from 1.10: /home/scribe/projects/work/cn-metadata/elemental-product-docs/docs/1.8/modules/en/pages/quickstarts/quickstart-ui.adoc (117 chars)
  → Install the SUSE® Rancher Prime OS Manager plugin and operator to manage and provision clusters based on RKE2 or K3s
2026/09/28 15:53:23 COPIED from 1.10: /home/scribe/projects/work/cn-metadata/elemental-product-docs/docs/1.8/modules/en/pages/rancher-os-management/architecture/architecture-components.adoc (156 chars)
  → Describe the architecture components that make up the system by explaining the roles of the command line tool, daemon, and other elements that work together
2026/09/28 15:53:23 COPIED from 1.10: /home/scribe/projects/work/cn-metadata/elemental-product-docs/docs/1.8/modules/en/pages/rancher-os-management/architecture/architecture.adoc (105 chars)
  → Learn about the components and how they work together in the SUSE® Rancher Prime OS Manager architecture
2026/09/28 15:53:23 COPIED from 1.10: /home/scribe/projects/work/cn-metadata/elemental-product-docs/docs/1.8/modules/en/pages/rancher-os-management/architecture/custom-resources.adoc (104 chars)
  → Create custom resources to manage OS Manager nodes by using Kubernetes CRDs from the OS Manager Operator
2026/09/28 15:53:23 COPIED from 1.10: /home/scribe/projects/work/cn-metadata/elemental-product-docs/docs/1.8/modules/en/pages/rancher-os-management/architecture/services/architecture-clusterdeployment.adoc (151 chars)
  → Provision a Kubernetes cluster by creating a MachineInventorySelectorTemplate and defining a Rancher cluster with machinePools referencing the template
2026/09/28 15:53:23 COPIED from 1.10: /home/scribe/projects/work/cn-metadata/elemental-product-docs/docs/1.8/modules/en/pages/rancher-os-management/architecture/services/architecture-machineonboarding.adoc (132 chars)
  → Register a new machine and apply its configuration by creating a MachineRegistration resource and using a SeedImage to boot the host
2026/09/28 15:53:23 COPIED from 1.10: /home/scribe/projects/work/cn-metadata/elemental-product-docs/docs/1.8/modules/en/pages/rancher-os-management/architecture/services/architecture-services.adoc (113 chars)
  → Find the services that support OS provisioning and Kubernetes cluster deployment in SUSE Rancher Prime OS Manager
2026/09/28 15:53:23 COPIED from 1.10: /home/scribe/projects/work/cn-metadata/elemental-product-docs/docs/1.8/modules/en/pages/rancher-os-management/authentication.adoc (135 chars)
  → Configure authentication methods for machines registering to the OS Manager Operator using TPM attestation, MAC address, or SMBIOS UUID
2026/09/28 15:53:23 COPIED from 1.10: /home/scribe/projects/work/cn-metadata/elemental-product-docs/docs/1.8/modules/en/pages/rancher-os-management/plans.adoc (143 chars)
  → Use SUSE® Rancher Prime OS Manager plans to configure nodes with one-time or periodic instructions, files, or HTTP probes during initial setup
2026/09/28 15:53:23 COPIED from 1.10: /home/scribe/projects/work/cn-metadata/elemental-product-docs/docs/1.8/modules/en/pages/rancher-os-management/upgrade-lifecycle.adoc (115 chars)
  → Understand how to manage and verify upgrades using the Fleet and System Upgrade Controller in the Upgrade Lifecycle
2026/09/28 15:53:23 COPIED from 1.10: /home/scribe/projects/work/cn-metadata/elemental-product-docs/docs/1.8/modules/en/pages/references/cloud-config-reference.adoc (108 chars)
  → Learn how to use cloud-config files to configure system settings during different stages of the boot process
2026/09/28 15:53:23 COPIED from 1.10: /home/scribe/projects/work/cn-metadata/elemental-product-docs/docs/1.8/modules/en/pages/references/cluster-reference.adoc (117 chars)
  → Create a cluster by defining a kubernetesVersion and specifying machinePools with roles, quantity, and configurations
2026/09/28 15:53:23 COPIED from 1.10: /home/scribe/projects/work/cn-metadata/elemental-product-docs/docs/1.8/modules/en/pages/references/inventory-management.adoc (124 chars)
  → Manage machine inventory by tracking configurations, clusters, and system annotations automatically updated every 30 minutes
2026/09/28 15:53:23 COPIED from 1.10: /home/scribe/projects/work/cn-metadata/elemental-product-docs/docs/1.8/modules/en/pages/references/kubernetesversions.adoc (100 chars)
  → Find valid versions for the kubernetesVersion field using Rancher metadata and the provided commands
2026/09/28 15:53:23 COPIED from 1.10: /home/scribe/projects/work/cn-metadata/elemental-product-docs/docs/1.8/modules/en/pages/references/machineinventory-reference.adoc (154 chars)
  → Create a MachineInventory resource to track a registered host, store its TPM hash, and run commands on it with conditions that show when it is ready to be
2026/09/28 15:53:23 COPIED from 1.10: /home/scribe/projects/work/cn-metadata/elemental-product-docs/docs/1.8/modules/en/pages/references/machineinventoryselector-reference.adoc (119 chars)
  → Use a MachineInventorySelector to select MachineInventories based on applied selectors and track their readiness status
2026/09/28 15:53:23 COPIED from 1.10: /home/scribe/projects/work/cn-metadata/elemental-product-docs/docs/1.8/modules/en/pages/references/machineinventoryselectortemplate-reference.adoc (130 chars)
  → Create a MachineInventorySelectorTemplate to define how to match inventoried machines with Cluster resources using label selectors
2026/09/28 15:53:23 COPIED from 1.10: /home/scribe/projects/work/cn-metadata/elemental-product-docs/docs/1.8/modules/en/pages/references/machineregistration-reference.adoc (146 chars)
  → Create a MachineRegistration resource to generate a registration URL and configure settings for nodes to register and start the onboarding process
2026/09/28 15:53:23 COPIED from 1.10: /home/scribe/projects/work/cn-metadata/elemental-product-docs/docs/1.8/modules/en/pages/references/managedosimage-reference.adoc (152 chars)
  → Create a ManagedOSImage resource to define an OS image or version that is applied to nodes in targeted clusters and update it to trigger upgrades change
2026/09/28 15:53:23 COPIED from 1.10: /home/scribe/projects/work/cn-metadata/elemental-product-docs/docs/1.8/modules/en/pages/references/managedosversion-reference.adoc (116 chars)
  → Define a ManagedOSVersion resource to specify an OS image version for use with SeedImage or ManagedOSImage resources
2026/09/28 15:53:23 COPIED from 1.10: /home/scribe/projects/work/cn-metadata/elemental-product-docs/docs/1.8/modules/en/pages/references/managedosversionchannel-reference.adoc (149 chars)
  → Configure a ManagedOSVersionChannel resource to define an OS image channel and specify upgrade container settings for System Upgrade Controller plans
2026/09/28 15:53:23 COPIED from 1.10: /home/scribe/projects/work/cn-metadata/elemental-product-docs/docs/1.8/modules/en/pages/references/operatorchart-reference.adoc (119 chars)
  → Install the OS Manager Operator Helm chart to deploy and manage OS Manager on a Rancher Manager v2.6 cluster using Helm
2026/09/28 15:53:23 COPIED from 1.10: /home/scribe/projects/work/cn-metadata/elemental-product-docs/docs/1.8/modules/en/pages/references/seedimage-reference.adoc (126 chars)
  → Create a SeedImage to build installation media for SUSE Rancher Prime OS Manager using a base image and registration reference
2026/09/28 15:53:23 COPIED from 1.10: /home/scribe/projects/work/cn-metadata/elemental-product-docs/docs/1.8/modules/en/pages/release-notes.adoc (154 chars)
  → Find information about the latest versions, installation, upgrade steps, and known issues for the SUSE® Rancher Prime OS Manager project stack components
2026/09/28 15:53:23 COPIED from 1.10: /home/scribe/projects/work/cn-metadata/elemental-product-docs/docs/1.8/modules/en/pages/troubleshooting/troubleshooting-label-templates.adoc (146 chars)
  → Use the dumpdata command with the elemental-register binary to view available Label Templates and their values in the console for troubleshooting.
2026/09/28 15:53:23 COPIED from 1.10: /home/scribe/projects/work/cn-metadata/elemental-product-docs/docs/1.8/modules/en/pages/troubleshooting/troubleshooting-network.adoc (157 chars)
  → Troubleshoot issues with declarative networking by understanding how Elemental Machines register, claim IP addresses, and apply network configurations during
2026/09/28 15:53:23 COPIED from 1.10: /home/scribe/projects/work/cn-metadata/elemental-product-docs/docs/1.8/modules/en/pages/troubleshooting/troubleshooting-rancher-upgrades.adoc (126 chars)
  → Fix the upgrade issue by creating an empty dynamicschemas.management.cattle.io resource named machineinventoryselectortemplate
2026/09/28 15:53:23 COPIED from 1.10: /home/scribe/projects/work/cn-metadata/elemental-product-docs/docs/1.8/modules/en/pages/troubleshooting/troubleshooting-reset.adoc (119 chars)
  → Investigate why a MachineInventory has not been deleted by examining its annotation, finalizer, and related plan Secret
2026/09/28 15:53:23 COPIED from 1.10: /home/scribe/projects/work/cn-metadata/elemental-product-docs/docs/1.8/modules/en/pages/troubleshooting/troubleshooting-restore.adoc (156 chars)
  → Troubleshooting restore requires copying the rancher2connectioninfo.json file from the elemental node to a location accessible through the Rancher UI before
2026/09/28 15:53:23 COPIED from 1.10: /home/scribe/projects/work/cn-metadata/elemental-product-docs/docs/1.8/modules/en/pages/troubleshooting/troubleshooting-support.adoc (146 chars)
  → Run elemental-support to collect logs and configuration files from a SUSE® Rancher Prime OS Manager node for troubleshooting and debugging issues
2026/09/28 15:53:23 COPIED from 1.10: /home/scribe/projects/work/cn-metadata/elemental-product-docs/docs/1.8/modules/en/pages/troubleshooting/troubleshooting-upgrade.adoc (157 chars)
  → Troubleshoot upgrade problems by checking the status of the ManagedOSImage, Bundle, and related upgrade Plan to find out why the upgrade might not be working
2026/09/28 15:53:23 COPIED from 1.10: /home/scribe/projects/work/cn-metadata/elemental-product-docs/docs/1.8/modules/en/pages/troubleshooting/troubleshooting-verification.adoc (114 chars)
  → Troubleshoot Elemental issues by identifying the phase and checking resources, logs, and configurations for errors
2026/09/28 15:53:23 COPIED from 1.10: /home/scribe/projects/work/cn-metadata/elemental-product-docs/docs/1.9/modules/en/examples/authentication/registration-emulate-tpm.adoc (157 chars)
  → Configure a machine registration process using TPM emulation to securely enroll devices in a network without requiring hardware-based TPM modules by defining
2026/09/28 15:53:23 COPIED from 1.10: /home/scribe/projects/work/cn-metadata/elemental-product-docs/docs/1.9/modules/en/examples/authentication/registration-mac.adoc (156 chars)
  → Register a machine using its MAC address as the unique identifier in a YAML configuration file to define how the system recognizes and associates the device
2026/09/28 15:53:23 COPIED from 1.10: /home/scribe/projects/work/cn-metadata/elemental-product-docs/docs/1.9/modules/en/examples/authentication/registration-sys-uuid.adoc (159 chars)
  → Register a machine by using the UUID from the SMBIOS System Information table to uniquely identify the machine in the example MachineRegistration configuration
2026/09/28 15:53:23 COPIED from 1.10: /home/scribe/projects/work/cn-metadata/elemental-product-docs/docs/1.9/modules/en/examples/clusters/clusters-several-machinepools.adoc (157 chars)
  → Configure a cluster with multiple machine pools to manage different workloads and resources efficiently by defining each pool's specifications in a YAML file
2026/09/28 15:53:23 COPIED from 1.10: /home/scribe/projects/work/cn-metadata/elemental-product-docs/docs/1.9/modules/en/examples/elemental.cattle.io/v1beta1/MachineRegistration.adoc (154 chars)
  → Configure a machine registration process with Declarative Networking by defining network settings and automation rules in a YAML file to ensure consistent
2026/09/28 15:53:23 COPIED from 1.10: /home/scribe/projects/work/cn-metadata/elemental-product-docs/docs/1.9/modules/en/examples/labeltemplates/registration.adoc (121 chars)
  → Configure the registration settings by editing the YAML file to define how users are registered and managed in the system
2026/09/28 15:53:23 COPIED from 1.10: /home/scribe/projects/work/cn-metadata/elemental-product-docs/docs/1.9/modules/en/examples/network/machineregistration-nmc.adoc (132 chars)
  → Configure a machine registration using the nmc configurator by editing a YAML file to define settings and parameters for the machine
2026/09/28 15:53:23 COPIED from 1.10: /home/scribe/projects/work/cn-metadata/elemental-product-docs/docs/1.9/modules/en/examples/network/machineregistration-nmconnections.adoc (136 chars)
  → Configure the system to manage data using the specified format and ensure all settings match the required structure for proper operation
2026/09/28 15:53:23 COPIED from 1.10: /home/scribe/projects/work/cn-metadata/elemental-product-docs/docs/1.9/modules/en/examples/network/machineregistration-nmstate.adoc (156 chars)
  → Configure a machine registration using the nmstate configurator by defining network settings in a YAML file to apply the desired configuration to the system
2026/09/28 15:53:23 COPIED from 1.10: /home/scribe/projects/work/cn-metadata/elemental-product-docs/docs/1.9/modules/en/examples/network/machineregistration.adoc (144 chars)
  → Configure a machine registration process with declarative networking by defining rules and settings in a YAML file to control device connections
2026/09/28 15:53:23 COPIED from 1.10: /home/scribe/projects/work/cn-metadata/elemental-product-docs/docs/1.9/modules/en/examples/network/yip-nmc-static-config.adoc (114 chars)
  → Configure the static network settings using the provided YAML file to define the network parameters for the system
2026/09/28 15:53:23 COPIED from 1.10: /home/scribe/projects/work/cn-metadata/elemental-product-docs/docs/1.9/modules/en/examples/proxy/cluster-proxy.adoc (136 chars)
  → Configure the server settings using the provided YAML format to define how the system processes incoming requests and manages data flows
2026/09/28 15:53:23 Loaded 29 attributes from /home/scribe/projects/work/cn-metadata/elemental-product-docs/docs/1.9/antora.yml
2026/09/28 15:53:25 ADDED: /home/scribe/projects/work/cn-metadata/elemental-product-docs/docs/1.9/modules/en/examples/proxy/registration-proxy.adoc (146 chars)
  → Configure the system using YAML to define settings, behaviors, and parameters that control how the application operates and responds to user input
2026/09/28 15:53:25 COPIED from 1.10: /home/scribe/projects/work/cn-metadata/elemental-product-docs/docs/1.9/modules/en/examples/proxy/seedimage-proxy.adoc (166 chars)
  → Configure the server settings using the provided YAML format to define how the system processes incoming requests and manages data flow between the client and server.
2026/09/28 15:53:25 COPIED from 1.10: /home/scribe/projects/work/cn-metadata/elemental-product-docs/docs/1.9/modules/en/examples/quickstart/cluster.adoc (131 chars)
  → Create and edit a cluster configuration file using the cluster.yaml format to define the setup and settings for your system cluster
2026/09/28 15:53:25 COPIED from 1.10: /home/scribe/projects/work/cn-metadata/elemental-product-docs/docs/1.9/modules/en/examples/quickstart/registration-hardware-dhcphostname.adoc (145 chars)
  → See how to create and manage user accounts by following the steps in this example which shows you how to set up a new registration using a simple
2026/09/28 15:53:25 COPIED from 1.10: /home/scribe/projects/work/cn-metadata/elemental-product-docs/docs/1.9/modules/en/examples/quickstart/registration-random-hostname.adoc (135 chars)
  → Create a registration form by using example random template variables in YAML format to define fields and structure data for user input
2026/09/28 15:53:25 COPIED from 1.10: /home/scribe/projects/work/cn-metadata/elemental-product-docs/docs/1.9/modules/en/examples/quickstart/registration-tpm.adoc (147 chars)
  → Configure the registration settings for the trusted platform module by editing the YAML file to define how devices enroll and authenticate securely
2026/09/28 15:53:25 COPIED from 1.10: /home/scribe/projects/work/cn-metadata/elemental-product-docs/docs/1.9/modules/en/examples/quickstart/registration.adoc (151 chars)
  → Configure the register settings by editing the YAML file to define the structure and parameters of the system components that will be registered during
2026/09/28 15:53:25 COPIED from 1.10: /home/scribe/projects/work/cn-metadata/elemental-product-docs/docs/1.9/modules/en/examples/quickstart/rpi-registration.adoc (134 chars)
  → Configure the .rpi-registration.yaml file to define how the system registers and communicates with external services during deployment
2026/09/28 15:53:25 COPIED from 1.10: /home/scribe/projects/work/cn-metadata/elemental-product-docs/docs/1.9/modules/en/examples/quickstart/seedimage-vm-tools.adoc (158 chars)
  → Configure the virtual machine tools by editing the YAML file to define the seed image settings and ensure proper deployment of the virtual machine environment
2026/09/28 15:53:25 COPIED from 1.10: /home/scribe/projects/work/cn-metadata/elemental-product-docs/docs/1.9/modules/en/examples/quickstart/seedimage.adoc (149 chars)
  → Configure the seed image using the YAML file to define settings and parameters that control how the system initializes and operates during deployment
2026/09/28 15:53:25 COPIED from 1.10: /home/scribe/projects/work/cn-metadata/elemental-product-docs/docs/1.9/modules/en/examples/quickstart/selector.adoc (134 chars)
  → Configure the .selector.yaml file to define how the system selects and processes data based on rules and conditions listed in the file
2026/09/28 15:53:25 COPIED from 1.10: /home/scribe/projects/work/cn-metadata/elemental-product-docs/docs/1.9/modules/en/examples/upgrade/managed-os-version-channel-custom.adoc (112 chars)
  → Configure the managed OS version channel custom settings by editing the .managed-os-version-channel-custom file.
2026/09/28 15:53:25 COPIED from 1.10: /home/scribe/projects/work/cn-metadata/elemental-product-docs/docs/1.9/modules/en/examples/upgrade/managed-os-version-channel-json.adoc (157 chars)
  → Configure the managed operating system version channel by editing the YAML file to specify the desired update settings and ensure the system stays up to date
2026/09/28 15:53:25 COPIED from 1.10: /home/scribe/projects/work/cn-metadata/elemental-product-docs/docs/1.9/modules/en/examples/upgrade/upgrade-cluster-target.adoc (153 chars)
  → Configure the cluster upgrade target using the upgrade-cluster-target.yaml file to define the desired version and settings for the cluster update process
2026/09/28 15:53:25 COPIED from 1.10: /home/scribe/projects/work/cn-metadata/elemental-product-docs/docs/1.9/modules/en/examples/upgrade/upgrade-force.adoc (163 chars)
  → Configure the upgrade-force.yaml file to define how the system handles forced upgrades by specifying rules and conditions that determine when and how updates occur
2026/09/28 15:53:25 COPIED from 1.10: /home/scribe/projects/work/cn-metadata/elemental-product-docs/docs/1.9/modules/en/examples/upgrade/upgrade-managedos-version.adoc (150 chars)
  → Configure your managed server to upgrade its operating system version using the provided YAML file to ensure the system runs the latest stable release
2026/09/28 15:53:25 COPIED from 1.10: /home/scribe/projects/work/cn-metadata/elemental-product-docs/docs/1.9/modules/en/examples/upgrade/upgrade-node-selector.adoc (109 chars)
  → Configure a node selector to control where Kubernetes pods run by editing the upgrade-node-selector.yaml file
2026/09/28 15:53:25 COPIED from 1.10: /home/scribe/projects/work/cn-metadata/elemental-product-docs/docs/1.9/modules/en/examples/upgrade/upgrade-recovery.adoc (143 chars)
  → Configure the upgrade recovery settings using the upgrade-recovery.yaml file to define how the system handles failures during an update process
2026/09/28 15:53:25 COPIED from 1.10: /home/scribe/projects/work/cn-metadata/elemental-product-docs/docs/1.9/modules/en/pages/index.adoc (131 chars)
  → Manage operating systems in a Kubernetes environment using Rancher with elemental-cli, elemental-operator, and rancher-system-agent
2026/09/28 15:53:25 COPIED from 1.10: /home/scribe/projects/work/cn-metadata/elemental-product-docs/docs/1.9/modules/en/pages/installation/custom-certificate.adoc (107 chars)
  → Copy a custom certificate file to the system trust directory to make it available for system-level services
2026/09/28 15:53:25 COPIED from 1.10: /home/scribe/projects/work/cn-metadata/elemental-product-docs/docs/1.9/modules/en/pages/installation/customize-installation/custom-install.adoc (116 chars)
  → Customize the OS Manager installation by adding cloud-config files to the installation media or the installed system
2026/09/28 15:53:25 COPIED from 1.10: /home/scribe/projects/work/cn-metadata/elemental-product-docs/docs/1.9/modules/en/pages/installation/customize-installation/extra-rpms.adoc (158 chars)
  → Add third party RPMs to an ISO image during installation by including them in a SeedImage resource with a cloud-config section that defines installation hooks
2026/09/28 15:53:25 COPIED from 1.10: /home/scribe/projects/work/cn-metadata/elemental-product-docs/docs/1.9/modules/en/pages/installation/customize-installation/lvm-drives-example.adoc (153 chars)
  → Add extra LVM volume group disks during installation using cloud-config steps to create and format logical volumes and include them in fstab at boot time
2026/09/28 15:53:25 COPIED from 1.10: /home/scribe/projects/work/cn-metadata/elemental-product-docs/docs/1.9/modules/en/pages/installation/hostname.adoc (151 chars)
  → Customize hostname by setting the machineName field in the MachineRegistration resource to define a unique and static hostname for each host during K8s
2026/09/28 15:53:25 COPIED from 1.10: /home/scribe/projects/work/cn-metadata/elemental-product-docs/docs/1.9/modules/en/pages/installation/installation.adoc (122 chars)
  → Install the SUSE Rancher Prime OS Manager Operator and prepare installation media to deploy and manage OS on cluster nodes
2026/09/28 15:53:25 COPIED from 1.10: /home/scribe/projects/work/cn-metadata/elemental-product-docs/docs/1.9/modules/en/pages/installation/ntp.adoc (135 chars)
  → Configure NTP servers for SUSE Rancher Prime OS Manager by creating a configuration file in the /etc/systemd/timesyncd.conf.d directory
2026/09/28 15:53:25 COPIED from 1.10: /home/scribe/projects/work/cn-metadata/elemental-product-docs/docs/1.9/modules/en/pages/installation/raspi-disk.adoc (117 chars)
  → Build a raw disk image for Raspberry Pi that can be written to an SD card and booted without other installation media
2026/09/28 15:53:25 COPIED from 1.10: /home/scribe/projects/work/cn-metadata/elemental-product-docs/docs/1.9/modules/en/pages/installation/removable-device-cloudconfig.adoc (101 chars)
  → Create a cloud-config file on a removable device and use it during early boot to configure the system
2026/09/28 15:53:25 COPIED from 1.10: /home/scribe/projects/work/cn-metadata/elemental-product-docs/docs/1.9/modules/en/pages/label-templates/label-templates-baseboard.adoc (121 chars)
  → Find out what information is collected in the BaseBoard template variables and how it defines system baseboard attributes
2026/09/28 15:53:25 COPIED from 1.10: /home/scribe/projects/work/cn-metadata/elemental-product-docs/docs/1.9/modules/en/pages/label-templates/label-templates-bios.adoc (154 chars)
  → Define BIOS template variables to specify details about the system's basic input/output system, including information that is part of the SMBIOS BIOS data
2026/09/28 15:53:25 COPIED from 1.10: /home/scribe/projects/work/cn-metadata/elemental-product-docs/docs/1.9/modules/en/pages/label-templates/label-templates-chassis.adoc (140 chars)
  → Define chassis template variables to specify details about the system's mechanical enclosure, such as type, manufacturer, and serial number.
2026/09/28 15:53:25 COPIED from 1.10: /home/scribe/projects/work/cn-metadata/elemental-product-docs/docs/1.9/modules/en/pages/label-templates/label-templates-cpu.adoc (114 chars)
  → Find information about CPU template variables that define processor attributes and how to reference them by number
2026/09/28 15:53:25 COPIED from 1.10: /home/scribe/projects/work/cn-metadata/elemental-product-docs/docs/1.9/modules/en/pages/label-templates/label-templates-deprecated.adoc (102 chars)
  → Find out which old Label Templates variables are no longer supported and see the new ones they replace
2026/09/28 15:53:25 COPIED from 1.10: /home/scribe/projects/work/cn-metadata/elemental-product-docs/docs/1.9/modules/en/pages/label-templates/label-templates-gpu.adoc (160 chars)
  → Define GPU template variables to collect information about installed graphics cards, allowing users to reference specific cards by number or use default values.
2026/09/28 15:53:25 COPIED from 1.10: /home/scribe/projects/work/cn-metadata/elemental-product-docs/docs/1.9/modules/en/pages/label-templates/label-templates-memory.adoc (149 chars)
  → Define memory template variables to describe the attributes of volatile memory available on the system, such as size, type, and configuration details
2026/09/28 15:53:25 COPIED from 1.10: /home/scribe/projects/work/cn-metadata/elemental-product-docs/docs/1.9/modules/en/pages/label-templates/label-templates-network.adoc (155 chars)
  → Find out how to use network template variables to access information about network interfaces, their addresses, and how they are tracked by number and name
2026/09/28 15:53:25 COPIED from 1.10: /home/scribe/projects/work/cn-metadata/elemental-product-docs/docs/1.9/modules/en/pages/label-templates/label-templates-product.adoc (154 chars)
  → Describe product template variables that represent system attributes based on SMBIOS System Information data type 1 and provide details about how they are
2026/09/28 15:53:25 COPIED from 1.10: /home/scribe/projects/work/cn-metadata/elemental-product-docs/docs/1.9/modules/en/pages/label-templates/label-templates-random.adoc (157 chars)
  → Use random template variables to generate unique values such as integers, hexadecimal codes, or UUIDs that can be inserted into custom label templates during
2026/09/28 15:53:25 COPIED from 1.10: /home/scribe/projects/work/cn-metadata/elemental-product-docs/docs/1.9/modules/en/pages/label-templates/label-templates-runtime.adoc (152 chars)
  → Runtime template variables collect information about the system configuration and help generate dynamic content based on current settings and conditions
2026/09/28 15:53:25 COPIED from 1.10: /home/scribe/projects/work/cn-metadata/elemental-product-docs/docs/1.9/modules/en/pages/label-templates/label-templates-storage.adoc (155 chars)
  → Define storage template variables to identify disk attributes by number and device name, allowing you to access disk information such as model using either
2026/09/28 15:53:25 COPIED from 1.10: /home/scribe/projects/work/cn-metadata/elemental-product-docs/docs/1.9/modules/en/pages/label-templates/label-templates.adoc (134 chars)
  → Create label templates to define labels and annotations for MachineInventory resources using predefined variables and formatting rules
2026/09/28 15:53:25 COPIED from 1.10: /home/scribe/projects/work/cn-metadata/elemental-product-docs/docs/1.9/modules/en/pages/node-operational-tasks/behind-proxy.adoc (166 chars)
  → Configure proxy settings for SUSE® Rancher Prime OS Manager deployment to allow communication through an HTTP(S) proxy in environments without direct Internet access
2026/09/28 15:53:25 COPIED from 1.10: /home/scribe/projects/work/cn-metadata/elemental-product-docs/docs/1.9/modules/en/pages/node-operational-tasks/rancher-vmware.adoc (112 chars)
  → Create a virtual machine in VMware with TPM support and use it to install and register Elemental OS with Rancher
2026/09/28 15:53:25 COPIED from 1.10: /home/scribe/projects/work/cn-metadata/elemental-product-docs/docs/1.9/modules/en/pages/node-operational-tasks/reset.adoc (104 chars)
  → Reset a machine by deleting its node or cluster to apply configuration changes and clear persistent data
2026/09/28 15:53:25 COPIED from 1.10: /home/scribe/projects/work/cn-metadata/elemental-product-docs/docs/1.9/modules/en/pages/node-operational-tasks/upgrade.adoc (120 chars)
  → Upgrade components in SUSE Rancher Prime OS Manager using Kubernetes methods through the operator with CLI or UI options
2026/09/28 15:53:25 COPIED from 1.10: /home/scribe/projects/work/cn-metadata/elemental-product-docs/docs/1.9/modules/en/pages/operator-operational-tasks/airgap.adoc (137 chars)
  → Install SUSE Rancher Prime OS Manager in an air-gapped environment by running the elemental-airgap.sh script and using a private registry
2026/09/28 15:53:25 COPIED from 1.10: /home/scribe/projects/work/cn-metadata/elemental-product-docs/docs/1.9/modules/en/pages/operator-operational-tasks/backup.adoc (132 chars)
  → Backup SUSE® Rancher Prime OS Manager resources using the rancher-backup operator and verify the backup file on a Persistent Volume
2026/09/28 15:53:25 COPIED from 1.10: /home/scribe/projects/work/cn-metadata/elemental-product-docs/docs/1.9/modules/en/pages/operator-operational-tasks/certificate-authority.adoc (107 chars)
  → Verify the Certificate Authority configuration to ensure proper communication between the agent and Rancher
2026/09/28 15:53:25 COPIED from 1.10: /home/scribe/projects/work/cn-metadata/elemental-product-docs/docs/1.9/modules/en/pages/operator-operational-tasks/channels.adoc (166 chars)
  → Manage channels to automatically update or build new versions of the operating system by selecting from available channels that provide a list of managed OS packages.
2026/09/28 15:53:25 COPIED from 1.10: /home/scribe/projects/work/cn-metadata/elemental-product-docs/docs/1.9/modules/en/pages/operator-operational-tasks/custom-images.adoc (129 chars)
  → Build and use custom OS images by creating a Dockerfile, building a container image, and adding it as a ManagedOSVersion resource
2026/09/28 15:53:25 COPIED from 1.10: /home/scribe/projects/work/cn-metadata/elemental-product-docs/docs/1.9/modules/en/pages/operator-operational-tasks/declarative-networking/networking-static.adoc (129 chars)
  → Create a static network configuration for individual machines using nm-configurator and include it in a custom Elemental OS image
2026/09/28 15:53:25 COPIED from 1.10: /home/scribe/projects/work/cn-metadata/elemental-product-docs/docs/1.9/modules/en/pages/operator-operational-tasks/declarative-networking/networking.adoc (126 chars)
  → Configure network settings for machines using the OS Manager by defining IP pools and network templates in MachineRegistration
2026/09/28 15:53:25 COPIED from 1.10: /home/scribe/projects/work/cn-metadata/elemental-product-docs/docs/1.9/modules/en/pages/operator-operational-tasks/rancher-ip.adoc (161 chars)
  → Configure K3s and RKE2 internal and external IP addresses by specifying node IP parameters and using network interface labels during Rancher Cluster provisioning
2026/09/28 15:53:25 COPIED from 1.10: /home/scribe/projects/work/cn-metadata/elemental-product-docs/docs/1.9/modules/en/pages/operator-operational-tasks/restore.adoc (104 chars)
  → Restore a SUSE Rancher Prime OS Manager configuration using the rancher-backup operator and backup files
2026/09/28 15:53:25 COPIED from 1.10: /home/scribe/projects/work/cn-metadata/elemental-product-docs/docs/1.9/modules/en/pages/operator-operational-tasks/tpm.adoc (143 chars)
  → Add a TPM module to a virtual machine by using Libvirt with Virt-manager to configure hardware settings and select the TPM module from the list
2026/09/28 15:53:25 COPIED from 1.10: /home/scribe/projects/work/cn-metadata/elemental-product-docs/docs/1.9/modules/en/pages/operator-operational-tasks/unmanaged-os.adoc (132 chars)
  → Register an unmanaged operating system by using the elemental-register tool to create a MachineInventory with elemental.cattle.io/os
2026/09/28 15:53:25 COPIED from 1.10: /home/scribe/projects/work/cn-metadata/elemental-product-docs/docs/1.9/modules/en/pages/quickstarts/quickstart-cli.adoc (155 chars)
  → Use the SUSE® Rancher Prime OS Manager ISO to automatically deploy and manage a Kubernetes cluster with rke2 or k3s through command-line tools by creating
2026/09/28 15:53:25 COPIED from 1.10: /home/scribe/projects/work/cn-metadata/elemental-product-docs/docs/1.9/modules/en/pages/quickstarts/quickstart-ui.adoc (117 chars)
  → Install the SUSE® Rancher Prime OS Manager plugin and operator to manage and provision clusters based on RKE2 or K3s
2026/09/28 15:53:25 COPIED from 1.10: /home/scribe/projects/work/cn-metadata/elemental-product-docs/docs/1.9/modules/en/pages/rancher-os-management/architecture/architecture-components.adoc (156 chars)
  → Describe the architecture components that make up the system by explaining the roles of the command line tool, daemon, and other elements that work together
2026/09/28 15:53:25 COPIED from 1.10: /home/scribe/projects/work/cn-metadata/elemental-product-docs/docs/1.9/modules/en/pages/rancher-os-management/architecture/architecture.adoc (105 chars)
  → Learn about the components and how they work together in the SUSE® Rancher Prime OS Manager architecture
2026/09/28 15:53:25 COPIED from 1.10: /home/scribe/projects/work/cn-metadata/elemental-product-docs/docs/1.9/modules/en/pages/rancher-os-management/architecture/custom-resources.adoc (104 chars)
  → Create custom resources to manage OS Manager nodes by using Kubernetes CRDs from the OS Manager Operator
2026/09/28 15:53:25 COPIED from 1.10: /home/scribe/projects/work/cn-metadata/elemental-product-docs/docs/1.9/modules/en/pages/rancher-os-management/architecture/services/architecture-clusterdeployment.adoc (151 chars)
  → Provision a Kubernetes cluster by creating a MachineInventorySelectorTemplate and defining a Rancher cluster with machinePools referencing the template
2026/09/28 15:53:25 COPIED from 1.10: /home/scribe/projects/work/cn-metadata/elemental-product-docs/docs/1.9/modules/en/pages/rancher-os-management/architecture/services/architecture-machineonboarding.adoc (132 chars)
  → Register a new machine and apply its configuration by creating a MachineRegistration resource and using a SeedImage to boot the host
2026/09/28 15:53:25 COPIED from 1.10: /home/scribe/projects/work/cn-metadata/elemental-product-docs/docs/1.9/modules/en/pages/rancher-os-management/architecture/services/architecture-services.adoc (113 chars)
  → Find the services that support OS provisioning and Kubernetes cluster deployment in SUSE Rancher Prime OS Manager
2026/09/28 15:53:25 COPIED from 1.10: /home/scribe/projects/work/cn-metadata/elemental-product-docs/docs/1.9/modules/en/pages/rancher-os-management/authentication.adoc (135 chars)
  → Configure authentication methods for machines registering to the OS Manager Operator using TPM attestation, MAC address, or SMBIOS UUID
2026/09/28 15:53:25 COPIED from 1.10: /home/scribe/projects/work/cn-metadata/elemental-product-docs/docs/1.9/modules/en/pages/rancher-os-management/plans.adoc (143 chars)
  → Use SUSE® Rancher Prime OS Manager plans to configure nodes with one-time or periodic instructions, files, or HTTP probes during initial setup
2026/09/28 15:53:25 COPIED from 1.10: /home/scribe/projects/work/cn-metadata/elemental-product-docs/docs/1.9/modules/en/pages/rancher-os-management/upgrade-lifecycle.adoc (115 chars)
  → Understand how to manage and verify upgrades using the Fleet and System Upgrade Controller in the Upgrade Lifecycle
2026/09/28 15:53:25 COPIED from 1.10: /home/scribe/projects/work/cn-metadata/elemental-product-docs/docs/1.9/modules/en/pages/references/cloud-config-reference.adoc (108 chars)
  → Learn how to use cloud-config files to configure system settings during different stages of the boot process
2026/09/28 15:53:25 COPIED from 1.10: /home/scribe/projects/work/cn-metadata/elemental-product-docs/docs/1.9/modules/en/pages/references/cluster-reference.adoc (117 chars)
  → Create a cluster by defining a kubernetesVersion and specifying machinePools with roles, quantity, and configurations
2026/09/28 15:53:25 COPIED from 1.10: /home/scribe/projects/work/cn-metadata/elemental-product-docs/docs/1.9/modules/en/pages/references/inventory-management.adoc (124 chars)
  → Manage machine inventory by tracking configurations, clusters, and system annotations automatically updated every 30 minutes
2026/09/28 15:53:25 COPIED from 1.10: /home/scribe/projects/work/cn-metadata/elemental-product-docs/docs/1.9/modules/en/pages/references/kubernetesversions.adoc (100 chars)
  → Find valid versions for the kubernetesVersion field using Rancher metadata and the provided commands
2026/09/28 15:53:25 COPIED from 1.10: /home/scribe/projects/work/cn-metadata/elemental-product-docs/docs/1.9/modules/en/pages/references/machineinventory-reference.adoc (154 chars)
  → Create a MachineInventory resource to track a registered host, store its TPM hash, and run commands on it with conditions that show when it is ready to be
2026/09/28 15:53:25 COPIED from 1.10: /home/scribe/projects/work/cn-metadata/elemental-product-docs/docs/1.9/modules/en/pages/references/machineinventoryselector-reference.adoc (119 chars)
  → Use a MachineInventorySelector to select MachineInventories based on applied selectors and track their readiness status
2026/09/28 15:53:25 COPIED from 1.10: /home/scribe/projects/work/cn-metadata/elemental-product-docs/docs/1.9/modules/en/pages/references/machineinventoryselectortemplate-reference.adoc (130 chars)
  → Create a MachineInventorySelectorTemplate to define how to match inventoried machines with Cluster resources using label selectors
2026/09/28 15:53:25 COPIED from 1.10: /home/scribe/projects/work/cn-metadata/elemental-product-docs/docs/1.9/modules/en/pages/references/machineregistration-reference.adoc (146 chars)
  → Create a MachineRegistration resource to generate a registration URL and configure settings for nodes to register and start the onboarding process
2026/09/28 15:53:25 COPIED from 1.10: /home/scribe/projects/work/cn-metadata/elemental-product-docs/docs/1.9/modules/en/pages/references/managedosimage-reference.adoc (152 chars)
  → Create a ManagedOSImage resource to define an OS image or version that is applied to nodes in targeted clusters and update it to trigger upgrades change
2026/09/28 15:53:25 COPIED from 1.10: /home/scribe/projects/work/cn-metadata/elemental-product-docs/docs/1.9/modules/en/pages/references/managedosversion-reference.adoc (116 chars)
  → Define a ManagedOSVersion resource to specify an OS image version for use with SeedImage or ManagedOSImage resources
2026/09/28 15:53:25 COPIED from 1.10: /home/scribe/projects/work/cn-metadata/elemental-product-docs/docs/1.9/modules/en/pages/references/managedosversionchannel-reference.adoc (149 chars)
  → Configure a ManagedOSVersionChannel resource to define an OS image channel and specify upgrade container settings for System Upgrade Controller plans
2026/09/28 15:53:25 COPIED from 1.10: /home/scribe/projects/work/cn-metadata/elemental-product-docs/docs/1.9/modules/en/pages/references/operatorchart-reference.adoc (119 chars)
  → Install the OS Manager Operator Helm chart to deploy and manage OS Manager on a Rancher Manager v2.6 cluster using Helm
2026/09/28 15:53:25 COPIED from 1.10: /home/scribe/projects/work/cn-metadata/elemental-product-docs/docs/1.9/modules/en/pages/references/seedimage-reference.adoc (126 chars)
  → Create a SeedImage to build installation media for SUSE Rancher Prime OS Manager using a base image and registration reference
2026/09/28 15:53:25 COPIED from 1.10: /home/scribe/projects/work/cn-metadata/elemental-product-docs/docs/1.9/modules/en/pages/release-notes.adoc (154 chars)
  → Find information about the latest versions, installation, upgrade steps, and known issues for the SUSE® Rancher Prime OS Manager project stack components
2026/09/28 15:53:25 COPIED from 1.10: /home/scribe/projects/work/cn-metadata/elemental-product-docs/docs/1.9/modules/en/pages/troubleshooting/troubleshooting-label-templates.adoc (146 chars)
  → Use the dumpdata command with the elemental-register binary to view available Label Templates and their values in the console for troubleshooting.
2026/09/28 15:53:25 COPIED from 1.10: /home/scribe/projects/work/cn-metadata/elemental-product-docs/docs/1.9/modules/en/pages/troubleshooting/troubleshooting-network.adoc (157 chars)
  → Troubleshoot issues with declarative networking by understanding how Elemental Machines register, claim IP addresses, and apply network configurations during
2026/09/28 15:53:25 COPIED from 1.10: /home/scribe/projects/work/cn-metadata/elemental-product-docs/docs/1.9/modules/en/pages/troubleshooting/troubleshooting-rancher-upgrades.adoc (126 chars)
  → Fix the upgrade issue by creating an empty dynamicschemas.management.cattle.io resource named machineinventoryselectortemplate
2026/09/28 15:53:25 COPIED from 1.10: /home/scribe/projects/work/cn-metadata/elemental-product-docs/docs/1.9/modules/en/pages/troubleshooting/troubleshooting-reset.adoc (119 chars)
  → Investigate why a MachineInventory has not been deleted by examining its annotation, finalizer, and related plan Secret
2026/09/28 15:53:25 COPIED from 1.10: /home/scribe/projects/work/cn-metadata/elemental-product-docs/docs/1.9/modules/en/pages/troubleshooting/troubleshooting-restore.adoc (156 chars)
  → Troubleshooting restore requires copying the rancher2connectioninfo.json file from the elemental node to a location accessible through the Rancher UI before
2026/09/28 15:53:25 COPIED from 1.10: /home/scribe/projects/work/cn-metadata/elemental-product-docs/docs/1.9/modules/en/pages/troubleshooting/troubleshooting-support.adoc (146 chars)
  → Run elemental-support to collect logs and configuration files from a SUSE® Rancher Prime OS Manager node for troubleshooting and debugging issues
2026/09/28 15:53:25 COPIED from 1.10: /home/scribe/projects/work/cn-metadata/elemental-product-docs/docs/1.9/modules/en/pages/troubleshooting/troubleshooting-upgrade.adoc (157 chars)
  → Troubleshoot upgrade problems by checking the status of the ManagedOSImage, Bundle, and related upgrade Plan to find out why the upgrade might not be working
2026/09/28 15:53:25 COPIED from 1.10: /home/scribe/projects/work/cn-metadata/elemental-product-docs/docs/1.9/modules/en/pages/troubleshooting/troubleshooting-verification.adoc (114 chars)
  → Troubleshoot Elemental issues by identifying the phase and checking resources, logs, and configurations for errors
2026/09/28 15:53:25 
=== Processing Complete ===
2026/09/28 15:53:25 Total time: 264.40 seconds
2026/09/28 15:53:25 Files processed: 554
2026/09/28 15:53:25 Added: 211
2026/09/28 15:53:25 Replaced: 0
2026/09/28 15:53:25 Copied: 341
2026/09/28 15:53:25 Skipped: 0
2026/09/28 15:53:25 Errors: 2
2026/09/28 15:53:25 Warnings: 0
2026/09/28 15:53:25 HTML report saved to: /home/scribe/doc-lama-metagen/reports/elemental.html
